Region;Del;Kon;Varde_stand
00 Riket;Hållbarhet;Kvinnor;40,3060281945803
00 Riket;Hållbarhet;Män;44,8702105718562
00 Riket;Hållbarhet;Totalt;52,7361625106898
00 Riket;Livskvalitet;Kvinnor;51,7486815637484
00 Riket;Livskvalitet;Män;58,8659761261591
00 Riket;Livskvalitet;Totalt;55,3974994271882
0114 Upplands Väsby;Hållbarhet;Kvinnor;39,4949363949980
0114 Upplands Väsby;Hållbarhet;Män;43,5509162867048
0114 Upplands Väsby;Hållbarhet;Totalt;51,2085074315027
0114 Upplands Väsby;Livskvalitet;Kvinnor;52,0533370033941
0114 Upplands Väsby;Livskvalitet;Män;57,9742060804571
0114 Upplands Väsby;Livskvalitet;Totalt;55,1783773235246
0115 Vallentuna;Hållbarhet;Kvinnor;48,9133905865571
0115 Vallentuna;Hållbarhet;Män;56,0785018965966
0115 Vallentuna;Hållbarhet;Totalt;61,3215137128659
0115 Vallentuna;Livskvalitet;Kvinnor;56,6062538898240
0115 Vallentuna;Livskvalitet;Män;64,3466034096683
0115 Vallentuna;Livskvalitet;Totalt;59,6823687471514
0117 Österåker;Hållbarhet;Kvinnor;47,0239902454485
0117 Österåker;Hållbarhet;Män;55,4050720840123
0117 Österåker;Hållbarhet;Totalt;60,0534156439316
0117 Österåker;Livskvalitet;Kvinnor;59,1370504132203
0117 Österåker;Livskvalitet;Män;63,2058532240320
0117 Österåker;Livskvalitet;Totalt;62,4608979694531
0120 Värmdö;Hållbarhet;Kvinnor;51,3319429359243
0120 Värmdö;Hållbarhet;Män;57,6361810980179
0120 Värmdö;Hållbarhet;Totalt;60,8640420917618
0120 Värmdö;Livskvalitet;Kvinnor;61,9545676206200
0120 Värmdö;Livskvalitet;Män;64,7713228825546
0120 Värmdö;Livskvalitet;Totalt;65,6284212499776
0123 Järfälla;Hållbarhet;Kvinnor;38,3453043303433
0123 Järfälla;Hållbarhet;Män;42,7885919480381
0123 Järfälla;Hållbarhet;Totalt;56,0890331956210
0123 Järfälla;Livskvalitet;Kvinnor;54,1206993392235
0123 Järfälla;Livskvalitet;Män;54,0828861178837
0123 Järfälla;Livskvalitet;Totalt;52,0587692877147
0125 Ekerö;Hållbarhet;Kvinnor;50,9354284495769
0125 Ekerö;Hållbarhet;Män;54,6656358277906
0125 Ekerö;Hållbarhet;Totalt;62,0029047509167
0125 Ekerö;Livskvalitet;Kvinnor;62,3097937877093
0125 Ekerö;Livskvalitet;Män;64,3037711156315
0125 Ekerö;Livskvalitet;Totalt;59,5052984434238
0126 Huddinge;Hållbarhet;Kvinnor;39,7001582626476
0126 Huddinge;Hållbarhet;Män;42,9168274285540
0126 Huddinge;Hållbarhet;Totalt;55,0034414993965
0126 Huddinge;Livskvalitet;Kvinnor;51,1593922032901
0126 Huddinge;Livskvalitet;Män;57,2673003620035
0126 Huddinge;Livskvalitet;Totalt;51,9869433671003
0127 Botkyrka;Hållbarhet;Kvinnor;31,4626760738038
0127 Botkyrka;Hållbarhet;Män;33,6672170742356
0127 Botkyrka;Hållbarhet;Totalt;46,6699417850938
0127 Botkyrka;Livskvalitet;Kvinnor;50,1006141856533
0127 Botkyrka;Livskvalitet;Män;51,8470489149092
0127 Botkyrka;Livskvalitet;Totalt;49,4044760339975
0128 Salem;Hållbarhet;Kvinnor;39,5022403531614
0128 Salem;Hållbarhet;Män;47,0203569832905
0128 Salem;Hållbarhet;Totalt;59,6668284200079
0128 Salem;Livskvalitet;Kvinnor;60,8818349980610
0128 Salem;Livskvalitet;Män;61,7992178890097
0128 Salem;Livskvalitet;Totalt;60,4960527437710
0136 Haninge;Hållbarhet;Kvinnor;34,0281270558327
0136 Haninge;Hållbarhet;Män;38,2663657990212
0136 Haninge;Hållbarhet;Totalt;50,1549677373130
0136 Haninge;Livskvalitet;Kvinnor;47,0483230787402
0136 Haninge;Livskvalitet;Män;50,9407623331094
0136 Haninge;Livskvalitet;Totalt;48,5548454563427
0138 Tyresö;Hållbarhet;Kvinnor;46,6745892341066
0138 Tyresö;Hållbarhet;Män;50,1862404910273
0138 Tyresö;Hållbarhet;Totalt;62,9498184775878
0138 Tyresö;Livskvalitet;Kvinnor;62,2393952942737
0138 Tyresö;Livskvalitet;Män;63,9326136413801
0138 Tyresö;Livskvalitet;Totalt;62,1910383630632
0139 Upplands-Bro;Hållbarhet;Kvinnor;32,9563799814584
0139 Upplands-Bro;Hållbarhet;Män;40,0127576689246
0139 Upplands-Bro;Hållbarhet;Totalt;50,3270982708446
0139 Upplands-Bro;Livskvalitet;Kvinnor;49,0589420515348
0139 Upplands-Bro;Livskvalitet;Män;57,8902723269444
0139 Upplands-Bro;Livskvalitet;Totalt;52,2154958544034
0140 Nykvarn;Hållbarhet;Kvinnor;47,8888093470508
0140 Nykvarn;Hållbarhet;Män;50,7728849790491
0140 Nykvarn;Hållbarhet;Totalt;59,7590805096481
0140 Nykvarn;Livskvalitet;Kvinnor;59,2126567586734
0140 Nykvarn;Livskvalitet;Män;62,0404821945978
0140 Nykvarn;Livskvalitet;Totalt;60,0746541510027
0160 Täby;Hållbarhet;Kvinnor;61,0998643478409
0160 Täby;Hållbarhet;Män;65,1646742653710
0160 Täby;Hållbarhet;Totalt;66,5828008591296
0160 Täby;Livskvalitet;Kvinnor;67,1690788936371
0160 Täby;Livskvalitet;Män;78,4574899287471
0160 Täby;Livskvalitet;Totalt;69,9601874320805
0162 Danderyd;Hållbarhet;Kvinnor;68,9743006630590
0162 Danderyd;Hållbarhet;Män;92,6292134273923
0162 Danderyd;Hållbarhet;Totalt;82,2645336576530
0162 Danderyd;Livskvalitet;Kvinnor;66,9231175731697
0162 Danderyd;Livskvalitet;Män;70,8787886688385
0162 Danderyd;Livskvalitet;Totalt;73,4005766059930
0163 Sollentuna;Hållbarhet;Kvinnor;49,3776864512118
0163 Sollentuna;Hållbarhet;Män;58,3155094699482
0163 Sollentuna;Hållbarhet;Totalt;60,3253687127449
0163 Sollentuna;Livskvalitet;Kvinnor;60,8105408058283
0163 Sollentuna;Livskvalitet;Män;61,9390114550940
0163 Sollentuna;Livskvalitet;Totalt;58,5898149010212
0180 Stockholm;Hållbarhet;Kvinnor;48,3713786956399
0180 Stockholm;Hållbarhet;Män;54,7704164883832
0180 Stockholm;Hållbarhet;Totalt;57,3465340633349
0180 Stockholm;Livskvalitet;Kvinnor;63,4796877877830
0180 Stockholm;Livskvalitet;Män;66,1945053301596
0180 Stockholm;Livskvalitet;Totalt;60,3960432189619
0181 Södertälje;Hållbarhet;Kvinnor;30,1572602099556
0181 Södertälje;Hållbarhet;Män;35,3222004172639
0181 Södertälje;Hållbarhet;Totalt;46,6531532234376
0181 Södertälje;Livskvalitet;Kvinnor;39,7186541921315
0181 Södertälje;Livskvalitet;Män;45,9157103682718
0181 Södertälje;Livskvalitet;Totalt;43,3987431388134
0182 Nacka;Hållbarhet;Kvinnor;56,4222372690880
0182 Nacka;Hållbarhet;Män;62,4899105153017
0182 Nacka;Hållbarhet;Totalt;67,5779691698872
0182 Nacka;Livskvalitet;Kvinnor;66,2885455087167
0182 Nacka;Livskvalitet;Män;71,4746219979410
0182 Nacka;Livskvalitet;Totalt;65,0284162156419
0183 Sundbyberg;Hållbarhet;Kvinnor;44,7371910632602
0183 Sundbyberg;Hållbarhet;Män;48,7125124954830
0183 Sundbyberg;Hållbarhet;Totalt;59,1769220048459
0183 Sundbyberg;Livskvalitet;Kvinnor;58,0601628027576
0183 Sundbyberg;Livskvalitet;Män;60,9215935940614
0183 Sundbyberg;Livskvalitet;Totalt;59,3067031031975
0184 Solna;Hållbarhet;Kvinnor;48,9986984535657
0184 Solna;Hållbarhet;Män;53,1779349153538
0184 Solna;Hållbarhet;Totalt;59,0967903668598
0184 Solna;Livskvalitet;Kvinnor;68,8411690216587
0184 Solna;Livskvalitet;Män;67,0152438624094
0184 Solna;Livskvalitet;Totalt;64,2612928403406
0186 Lidingö;Hållbarhet;Kvinnor;64,3499542189347
0186 Lidingö;Hållbarhet;Män;72,3491758701418
0186 Lidingö;Hållbarhet;Totalt;71,5872280398898
0186 Lidingö;Livskvalitet;Kvinnor;65,0969676744035
0186 Lidingö;Livskvalitet;Män;68,2172956676668
0186 Lidingö;Livskvalitet;Totalt;69,4058812666765
0187 Vaxholm;Hållbarhet;Kvinnor;54,7786565305941
0187 Vaxholm;Hållbarhet;Män;64,8799353093286
0187 Vaxholm;Hållbarhet;Totalt;70,8057039009367
0187 Vaxholm;Livskvalitet;Kvinnor;63,6939347676167
0187 Vaxholm;Livskvalitet;Män;67,0195202917547
0187 Vaxholm;Livskvalitet;Totalt;64,8947057656480
0188 Norrtälje;Hållbarhet;Kvinnor;34,9448349382147
0188 Norrtälje;Hållbarhet;Män;41,5790588691080
0188 Norrtälje;Hållbarhet;Totalt;50,2474445169258
0188 Norrtälje;Livskvalitet;Kvinnor;54,4250359226692
0188 Norrtälje;Livskvalitet;Män;59,3574100244832
0188 Norrtälje;Livskvalitet;Totalt;54,5929192170483
0191 Sigtuna;Hållbarhet;Kvinnor;31,7847625054160
0191 Sigtuna;Hållbarhet;Män;37,8010215616351
0191 Sigtuna;Hållbarhet;Totalt;45,4010175385722
0191 Sigtuna;Livskvalitet;Kvinnor;47,4757274882924
0191 Sigtuna;Livskvalitet;Män;51,0781464384816
0191 Sigtuna;Livskvalitet;Totalt;41,6168215458057
0192 Nynäshamn;Hållbarhet;Kvinnor;39,7005123569726
0192 Nynäshamn;Hållbarhet;Män;43,5638270723850
0192 Nynäshamn;Hållbarhet;Totalt;48,4023538610792
0192 Nynäshamn;Livskvalitet;Kvinnor;53,7767158115525
0192 Nynäshamn;Livskvalitet;Män;56,8697322178230
0192 Nynäshamn;Livskvalitet;Totalt;53,8741456414404
0305 Håbo;Hållbarhet;Kvinnor;46,9650842291967
0305 Håbo;Hållbarhet;Män;52,1444124376114
0305 Håbo;Hållbarhet;Totalt;58,1170776437828
0305 Håbo;Livskvalitet;Kvinnor;57,9820112967243
0305 Håbo;Livskvalitet;Män;62,8715321535965
0305 Håbo;Livskvalitet;Totalt;56,4913787300544
0319 Älvkarleby;Hållbarhet;Kvinnor;39,6363857291730
0319 Älvkarleby;Hållbarhet;Män;43,7498155963436
0319 Älvkarleby;Hållbarhet;Totalt;50,0762808672214
0319 Älvkarleby;Livskvalitet;Kvinnor;49,2311521926762
0319 Älvkarleby;Livskvalitet;Män;55,0014210544031
0319 Älvkarleby;Livskvalitet;Totalt;49,5088919251483
0330 Knivsta;Hållbarhet;Kvinnor;55,8123448993526
0330 Knivsta;Hållbarhet;Män;59,9212721451307
0330 Knivsta;Hållbarhet;Totalt;63,2840601998694
0330 Knivsta;Livskvalitet;Kvinnor;54,6863624469836
0330 Knivsta;Livskvalitet;Män;64,4454801909225
0330 Knivsta;Livskvalitet;Totalt;55,2570278936619
0331 Heby;Hållbarhet;Kvinnor;37,0827833581489
0331 Heby;Hållbarhet;Män;41,1064564042705
0331 Heby;Hållbarhet;Totalt;51,9738920708751
0331 Heby;Livskvalitet;Kvinnor;42,8000692898078
0331 Heby;Livskvalitet;Män;53,4640287719255
0331 Heby;Livskvalitet;Totalt;47,0153483953023
0360 Tierp;Hållbarhet;Kvinnor;41,2369132761391
0360 Tierp;Hållbarhet;Män;46,1856631921251
0360 Tierp;Hållbarhet;Totalt;52,7599977727235
0360 Tierp;Livskvalitet;Kvinnor;47,3897290229047
0360 Tierp;Livskvalitet;Män;54,6285413724978
0360 Tierp;Livskvalitet;Totalt;48,4986830730868
0380 Uppsala;Hållbarhet;Kvinnor;47,6935733455734
0380 Uppsala;Hållbarhet;Män;51,5239947045676
0380 Uppsala;Hållbarhet;Totalt;54,6342592541770
0380 Uppsala;Livskvalitet;Kvinnor;57,8300069667142
0380 Uppsala;Livskvalitet;Män;64,2176591181436
0380 Uppsala;Livskvalitet;Totalt;58,7352559793017
0381 Enköping;Hållbarhet;Kvinnor;44,1493388229430
0381 Enköping;Hållbarhet;Män;47,4321385091538
0381 Enköping;Hållbarhet;Totalt;53,5135639451133
0381 Enköping;Livskvalitet;Kvinnor;48,9267432741051
0381 Enköping;Livskvalitet;Män;58,2647951402302
0381 Enköping;Livskvalitet;Totalt;46,8439707897097
0382 Östhammar;Hållbarhet;Kvinnor;45,4080816047605
0382 Östhammar;Hållbarhet;Män;52,4416230138980
0382 Östhammar;Hållbarhet;Totalt;56,3634073647565
0382 Östhammar;Livskvalitet;Kvinnor;51,6446467814047
0382 Östhammar;Livskvalitet;Män;60,4413886586054
0382 Östhammar;Livskvalitet;Totalt;53,6214333217918
0428 Vingåker;Hållbarhet;Kvinnor;32,6741519431801
0428 Vingåker;Hållbarhet;Män;37,1046561154284
0428 Vingåker;Hållbarhet;Totalt;43,9785032181723
0428 Vingåker;Livskvalitet;Kvinnor;43,2084555848520
0428 Vingåker;Livskvalitet;Män;54,4032359928848
0428 Vingåker;Livskvalitet;Totalt;46,7751183993885
0461 Gnesta;Hållbarhet;Kvinnor;42,9522420576392
0461 Gnesta;Hållbarhet;Män;44,4589021955271
0461 Gnesta;Hållbarhet;Totalt;54,4755995854827
0461 Gnesta;Livskvalitet;Kvinnor;46,8353381640171
0461 Gnesta;Livskvalitet;Män;55,5403341835631
0461 Gnesta;Livskvalitet;Totalt;51,0043334880429
0480 Nyköping;Hållbarhet;Kvinnor;35,9339403859177
0480 Nyköping;Hållbarhet;Män;44,2187504782324
0480 Nyköping;Hållbarhet;Totalt;49,7492083818091
0480 Nyköping;Livskvalitet;Kvinnor;47,6811051955473
0480 Nyköping;Livskvalitet;Män;59,2210671127659
0480 Nyköping;Livskvalitet;Totalt;53,1694756627190
0481 Oxelösund;Hållbarhet;Kvinnor;25,8768703795362
0481 Oxelösund;Hållbarhet;Män;39,6885167072197
0481 Oxelösund;Hållbarhet;Totalt;36,8186270196918
0481 Oxelösund;Livskvalitet;Kvinnor;48,3166103194208
0481 Oxelösund;Livskvalitet;Män;60,0586727519281
0481 Oxelösund;Livskvalitet;Totalt;51,8842968461981
0482 Flen;Hållbarhet;Kvinnor;29,9633188885043
0482 Flen;Hållbarhet;Män;39,6985045388106
0482 Flen;Hållbarhet;Totalt;43,7372466322674
0482 Flen;Livskvalitet;Kvinnor;42,7077946139049
0482 Flen;Livskvalitet;Män;50,1647632284704
0482 Flen;Livskvalitet;Totalt;46,1757862644928
0483 Katrineholm;Hållbarhet;Kvinnor;33,7154012924616
0483 Katrineholm;Hållbarhet;Män;35,5230084504130
0483 Katrineholm;Hållbarhet;Totalt;46,8003729467513
0483 Katrineholm;Livskvalitet;Kvinnor;44,3387835813342
0483 Katrineholm;Livskvalitet;Män;54,6282582781192
0483 Katrineholm;Livskvalitet;Totalt;46,7595926340476
0484 Eskilstuna;Hållbarhet;Kvinnor;34,1738404926891
0484 Eskilstuna;Hållbarhet;Män;36,4863309320398
0484 Eskilstuna;Hållbarhet;Totalt;47,6783120581313
0484 Eskilstuna;Livskvalitet;Kvinnor;51,3996491003513
0484 Eskilstuna;Livskvalitet;Män;56,0813167037443
0484 Eskilstuna;Livskvalitet;Totalt;50,2811078176705
0486 Strängnäs;Hållbarhet;Kvinnor;43,0578814210908
0486 Strängnäs;Hållbarhet;Män;44,6082194716956
0486 Strängnäs;Hållbarhet;Totalt;54,3274607951805
0486 Strängnäs;Livskvalitet;Kvinnor;51,8907830075290
0486 Strängnäs;Livskvalitet;Män;57,5354188755889
0486 Strängnäs;Livskvalitet;Totalt;48,8369398573931
0488 Trosa;Hållbarhet;Kvinnor;51,9961039969687
0488 Trosa;Hållbarhet;Män;53,1894052534902
0488 Trosa;Hållbarhet;Totalt;62,2461197692643
0488 Trosa;Livskvalitet;Kvinnor;55,1991119166144
0488 Trosa;Livskvalitet;Män;61,6988015095215
0488 Trosa;Livskvalitet;Totalt;55,9372734253450
0509 Ödeshög;Hållbarhet;Kvinnor;42,1417710834519
0509 Ödeshög;Hållbarhet;Män;47,3318897478487
0509 Ödeshög;Hållbarhet;Totalt;50,9672035186454
0509 Ödeshög;Livskvalitet;Kvinnor;51,7383517555187
0509 Ödeshög;Livskvalitet;Män;55,8546024037736
0509 Ödeshög;Livskvalitet;Totalt;51,6740500706250
0512 Ydre;Hållbarhet;Kvinnor;41,4879196249429
0512 Ydre;Hållbarhet;Män;49,2745338411486
0512 Ydre;Hållbarhet;Totalt;52,2682553251561
0512 Ydre;Livskvalitet;Kvinnor;53,5502447497186
0512 Ydre;Livskvalitet;Män;63,6318781435173
0512 Ydre;Livskvalitet;Totalt;58,1828017297198
0513 Kinda;Hållbarhet;Kvinnor;42,1230253605937
0513 Kinda;Hållbarhet;Män;42,6110214321310
0513 Kinda;Hållbarhet;Totalt;56,5926234809613
0513 Kinda;Livskvalitet;Kvinnor;52,8912906349608
0513 Kinda;Livskvalitet;Män;56,6157630455080
0513 Kinda;Livskvalitet;Totalt;57,7659921651311
0560 Boxholm;Hållbarhet;Kvinnor;42,7052816798862
0560 Boxholm;Hållbarhet;Män;56,8565019570412
0560 Boxholm;Hållbarhet;Totalt;54,8169533971840
0560 Boxholm;Livskvalitet;Kvinnor;53,8805596080861
0560 Boxholm;Livskvalitet;Män;59,0128480313598
0560 Boxholm;Livskvalitet;Totalt;58,7275024319025
0561 Åtvidaberg;Hållbarhet;Kvinnor;42,7945928782830
0561 Åtvidaberg;Hållbarhet;Män;47,3318830582109
0561 Åtvidaberg;Hållbarhet;Totalt;53,3141357710341
0561 Åtvidaberg;Livskvalitet;Kvinnor;54,6226006623137
0561 Åtvidaberg;Livskvalitet;Män;59,5670346560636
0561 Åtvidaberg;Livskvalitet;Totalt;57,1245646607547
0562 Finspång;Hållbarhet;Kvinnor;37,9986022938334
0562 Finspång;Hållbarhet;Män;41,4617447554205
0562 Finspång;Hållbarhet;Totalt;50,2183739489942
0562 Finspång;Livskvalitet;Kvinnor;51,9469573991109
0562 Finspång;Livskvalitet;Män;61,0438341005913
0562 Finspång;Livskvalitet;Totalt;55,6236924304314
0563 Valdemarsvik;Hållbarhet;Kvinnor;33,7385314721004
0563 Valdemarsvik;Hållbarhet;Män;39,3511714541748
0563 Valdemarsvik;Hållbarhet;Totalt;49,3619599496551
0563 Valdemarsvik;Livskvalitet;Kvinnor;49,3914168668026
0563 Valdemarsvik;Livskvalitet;Män;52,2718341997076
0563 Valdemarsvik;Livskvalitet;Totalt;48,2340219188008
0580 Linköping;Hållbarhet;Kvinnor;43,9816006274051
0580 Linköping;Hållbarhet;Män;50,7995646854860
0580 Linköping;Hållbarhet;Totalt;53,8733853886268
0580 Linköping;Livskvalitet;Kvinnor;56,0876603685145
0580 Linköping;Livskvalitet;Män;64,4665505370354
0580 Linköping;Livskvalitet;Totalt;58,3677865113208
0581 Norrköping;Hållbarhet;Kvinnor;37,5469330824478
0581 Norrköping;Hållbarhet;Män;41,9302034740602
0581 Norrköping;Hållbarhet;Totalt;48,6140731874913
0581 Norrköping;Livskvalitet;Kvinnor;53,5419654126251
0581 Norrköping;Livskvalitet;Män;57,9602558895746
0581 Norrköping;Livskvalitet;Totalt;54,3368213437434
0582 Söderköping;Hållbarhet;Kvinnor;44,8560769913777
0582 Söderköping;Hållbarhet;Män;49,7391225849683
0582 Söderköping;Hållbarhet;Totalt;56,7263527384751
0582 Söderköping;Livskvalitet;Kvinnor;52,3646759498922
0582 Söderköping;Livskvalitet;Män;57,5725614895645
0582 Söderköping;Livskvalitet;Totalt;54,7790074842824
0583 Motala;Hållbarhet;Kvinnor;39,0892542064435
0583 Motala;Hållbarhet;Män;41,2253875937692
0583 Motala;Hållbarhet;Totalt;50,4923422313333
0583 Motala;Livskvalitet;Kvinnor;53,6596551498318
0583 Motala;Livskvalitet;Män;58,7498367911719
0583 Motala;Livskvalitet;Totalt;55,3133171542193
0584 Vadstena;Hållbarhet;Kvinnor;45,2009383186628
0584 Vadstena;Hållbarhet;Män;54,5204028861808
0584 Vadstena;Hållbarhet;Totalt;60,0777041419231
0584 Vadstena;Livskvalitet;Kvinnor;55,5909988970795
0584 Vadstena;Livskvalitet;Män;62,5799999977463
0584 Vadstena;Livskvalitet;Totalt;60,4489361915748
0586 Mjölby;Hållbarhet;Kvinnor;36,7528241678170
0586 Mjölby;Hållbarhet;Män;47,7923747718536
0586 Mjölby;Hållbarhet;Totalt;53,9319954283457
0586 Mjölby;Livskvalitet;Kvinnor;50,6344573365725
0586 Mjölby;Livskvalitet;Män;62,7745830529184
0586 Mjölby;Livskvalitet;Totalt;57,2872412860059
0604 Aneby;Hållbarhet;Kvinnor;46,6557618873989
0604 Aneby;Hållbarhet;Män;54,9149625068118
0604 Aneby;Hållbarhet;Totalt;55,2917068237626
0604 Aneby;Livskvalitet;Kvinnor;47,4075229512794
0604 Aneby;Livskvalitet;Män;62,5587973950516
0604 Aneby;Livskvalitet;Totalt;56,4665773198421
0617 Gnosjö;Hållbarhet;Kvinnor;35,8205996204447
0617 Gnosjö;Hållbarhet;Män;43,5513704006418
0617 Gnosjö;Hållbarhet;Totalt;52,1581079546974
0617 Gnosjö;Livskvalitet;Kvinnor;51,9902635107027
0617 Gnosjö;Livskvalitet;Män;59,0242990256560
0617 Gnosjö;Livskvalitet;Totalt;57,7321849624650
0642 Mullsjö;Hållbarhet;Kvinnor;34,9203598272360
0642 Mullsjö;Hållbarhet;Män;38,7855549779482
0642 Mullsjö;Hållbarhet;Totalt;52,0069316785223
0642 Mullsjö;Livskvalitet;Kvinnor;54,5543054113400
0642 Mullsjö;Livskvalitet;Män;66,7468005644010
0642 Mullsjö;Livskvalitet;Totalt;62,0435141593168
0643 Habo;Hållbarhet;Kvinnor;50,5492872076569
0643 Habo;Hållbarhet;Män;53,2432236842705
0643 Habo;Hållbarhet;Totalt;59,0069404749680
0643 Habo;Livskvalitet;Kvinnor;55,6089841359402
0643 Habo;Livskvalitet;Män;70,2600858104414
0643 Habo;Livskvalitet;Totalt;62,5750972719314
0662 Gislaved;Hållbarhet;Kvinnor;39,5694472579448
0662 Gislaved;Hållbarhet;Män;36,7003460858716
0662 Gislaved;Hållbarhet;Totalt;51,6188176963722
0662 Gislaved;Livskvalitet;Kvinnor;51,9790282224288
0662 Gislaved;Livskvalitet;Män;53,7645880807198
0662 Gislaved;Livskvalitet;Totalt;56,6899660158904
0665 Vaggeryd;Hållbarhet;Kvinnor;45,1483800970844
0665 Vaggeryd;Hållbarhet;Män;43,1745313415296
0665 Vaggeryd;Hållbarhet;Totalt;54,8379731712942
0665 Vaggeryd;Livskvalitet;Kvinnor;49,7861225466562
0665 Vaggeryd;Livskvalitet;Män;61,4209015320795
0665 Vaggeryd;Livskvalitet;Totalt;56,8877976627138
0680 Jönköping;Hållbarhet;Kvinnor;44,5522858165201
0680 Jönköping;Hållbarhet;Män;49,0628586468819
0680 Jönköping;Hållbarhet;Totalt;53,5957456387676
0680 Jönköping;Livskvalitet;Kvinnor;57,0105229587630
0680 Jönköping;Livskvalitet;Män;71,8735425070938
0680 Jönköping;Livskvalitet;Totalt;62,8616166981671
0682 Nässjö;Hållbarhet;Kvinnor;39,3961276111756
0682 Nässjö;Hållbarhet;Män;41,6036012657889
0682 Nässjö;Hållbarhet;Totalt;51,7144422602976
0682 Nässjö;Livskvalitet;Kvinnor;53,1019235902850
0682 Nässjö;Livskvalitet;Män;60,2317387977152
0682 Nässjö;Livskvalitet;Totalt;55,5099493593511
0683 Värnamo;Hållbarhet;Kvinnor;42,9168941935276
0683 Värnamo;Hållbarhet;Män;44,4588208470263
0683 Värnamo;Hållbarhet;Totalt;54,2109242737095
0683 Värnamo;Livskvalitet;Kvinnor;53,7350742143538
0683 Värnamo;Livskvalitet;Män;60,8675352135315
0683 Värnamo;Livskvalitet;Totalt;57,8838489865521
0684 Sävsjö;Hållbarhet;Kvinnor;35,4198308935521
0684 Sävsjö;Hållbarhet;Män;37,9663942035608
0684 Sävsjö;Hållbarhet;Totalt;48,5033996703552
0684 Sävsjö;Livskvalitet;Kvinnor;47,7587352561934
0684 Sävsjö;Livskvalitet;Män;58,1914110461150
0684 Sävsjö;Livskvalitet;Totalt;55,2309891580026
0685 Vetlanda;Hållbarhet;Kvinnor;40,6578726004835
0685 Vetlanda;Hållbarhet;Män;45,2623988025482
0685 Vetlanda;Hållbarhet;Totalt;51,5953773584080
0685 Vetlanda;Livskvalitet;Kvinnor;53,8978120817264
0685 Vetlanda;Livskvalitet;Män;61,4570745081265
0685 Vetlanda;Livskvalitet;Totalt;57,6794596209482
0686 Eksjö;Hållbarhet;Kvinnor;42,7330296272084
0686 Eksjö;Hållbarhet;Män;42,5234550036029
0686 Eksjö;Hållbarhet;Totalt;50,1691967933551
0686 Eksjö;Livskvalitet;Kvinnor;55,0042880981192
0686 Eksjö;Livskvalitet;Män;59,8353816691191
0686 Eksjö;Livskvalitet;Totalt;58,6002059911497
0687 Tranås;Hållbarhet;Kvinnor;41,4460557821815
0687 Tranås;Hållbarhet;Män;46,3568078214591
0687 Tranås;Hållbarhet;Totalt;49,6114611291744
0687 Tranås;Livskvalitet;Kvinnor;55,7881086964638
0687 Tranås;Livskvalitet;Män;63,0566959765857
0687 Tranås;Livskvalitet;Totalt;60,6079807814732
0760 Uppvidinge;Hållbarhet;Kvinnor;32,1714002255580
0760 Uppvidinge;Hållbarhet;Män;36,6134138887299
0760 Uppvidinge;Hållbarhet;Totalt;49,3793010334201
0760 Uppvidinge;Livskvalitet;Kvinnor;41,5679517097914
0760 Uppvidinge;Livskvalitet;Män;47,6064492745751
0760 Uppvidinge;Livskvalitet;Totalt;45,4871867807274
0761 Lessebo;Hållbarhet;Kvinnor;30,3519068517808
0761 Lessebo;Hållbarhet;Män;30,7089480873673
0761 Lessebo;Hållbarhet;Totalt;45,0896968140884
0761 Lessebo;Livskvalitet;Kvinnor;36,5760244092527
0761 Lessebo;Livskvalitet;Män;48,5052100891154
0761 Lessebo;Livskvalitet;Totalt;44,1945711596548
0763 Tingsryd;Hållbarhet;Kvinnor;34,2783782533226
0763 Tingsryd;Hållbarhet;Män;35,7972192441146
0763 Tingsryd;Hållbarhet;Totalt;49,8819610203854
0763 Tingsryd;Livskvalitet;Kvinnor;42,8560596649426
0763 Tingsryd;Livskvalitet;Män;50,0857583084444
0763 Tingsryd;Livskvalitet;Totalt;48,7107287077227
0764 Alvesta;Hållbarhet;Kvinnor;35,5602731765862
0764 Alvesta;Hållbarhet;Män;43,4434774714636
0764 Alvesta;Hållbarhet;Totalt;51,7531925068161
0764 Alvesta;Livskvalitet;Kvinnor;48,2691873877512
0764 Alvesta;Livskvalitet;Män;54,0023808037347
0764 Alvesta;Livskvalitet;Totalt;50,2516026828106
0765 Älmhult;Hållbarhet;Kvinnor;40,3197242961036
0765 Älmhult;Hållbarhet;Män;47,7135013040470
0765 Älmhult;Hållbarhet;Totalt;54,7099903956098
0765 Älmhult;Livskvalitet;Kvinnor;47,5033444092465
0765 Älmhult;Livskvalitet;Män;57,9555186266109
0765 Älmhult;Livskvalitet;Totalt;53,3979799411527
0767 Markaryd;Hållbarhet;Kvinnor;31,1860035720307
0767 Markaryd;Hållbarhet;Män;34,4007354879191
0767 Markaryd;Hållbarhet;Totalt;46,6631335231912
0767 Markaryd;Livskvalitet;Kvinnor;40,5727747149458
0767 Markaryd;Livskvalitet;Män;52,5996065727867
0767 Markaryd;Livskvalitet;Totalt;49,6405495667970
0780 Växjö;Hållbarhet;Kvinnor;41,7164515470033
0780 Växjö;Hållbarhet;Män;45,6281879219727
0780 Växjö;Hållbarhet;Totalt;53,4891464281006
0780 Växjö;Livskvalitet;Kvinnor;55,6251523511962
0780 Växjö;Livskvalitet;Män;62,0860496188279
0780 Växjö;Livskvalitet;Totalt;56,9194200601698
0781 Ljungby;Hållbarhet;Kvinnor;37,5664566472716
0781 Ljungby;Hållbarhet;Män;38,9093469815527
0781 Ljungby;Hållbarhet;Totalt;49,1084355650548
0781 Ljungby;Livskvalitet;Kvinnor;45,7040542372061
0781 Ljungby;Livskvalitet;Män;54,7701602111945
0781 Ljungby;Livskvalitet;Totalt;51,6605721443279
0821 Högsby;Hållbarhet;Kvinnor;26,5861647588431
0821 Högsby;Hållbarhet;Män;36,3600788355005
0821 Högsby;Hållbarhet;Totalt;43,5694034149622
0821 Högsby;Livskvalitet;Kvinnor;48,8382091826240
0821 Högsby;Livskvalitet;Män;47,6014603727385
0821 Högsby;Livskvalitet;Totalt;50,0500327254777
0834 Torsås;Hållbarhet;Kvinnor;43,3362277667820
0834 Torsås;Hållbarhet;Män;45,6172339666406
0834 Torsås;Hållbarhet;Totalt;52,5655362359554
0834 Torsås;Livskvalitet;Kvinnor;47,0292658653283
0834 Torsås;Livskvalitet;Män;61,0491743350087
0834 Torsås;Livskvalitet;Totalt;56,6623558493714
0840 Mörbylånga;Hållbarhet;Kvinnor;53,8668407940520
0840 Mörbylånga;Hållbarhet;Män;54,8240765600203
0840 Mörbylånga;Hållbarhet;Totalt;58,0521647294262
0840 Mörbylånga;Livskvalitet;Kvinnor;58,8945633269212
0840 Mörbylånga;Livskvalitet;Män;71,3624357256250
0840 Mörbylånga;Livskvalitet;Totalt;66,5426199383469
0860 Hultsfred;Hållbarhet;Kvinnor;31,2516844273470
0860 Hultsfred;Hållbarhet;Män;36,7306139775267
0860 Hultsfred;Hållbarhet;Totalt;45,7907076607952
0860 Hultsfred;Livskvalitet;Kvinnor;44,1889847044145
0860 Hultsfred;Livskvalitet;Män;47,9381869271008
0860 Hultsfred;Livskvalitet;Totalt;48,8942885012161
0861 Mönsterås;Hållbarhet;Kvinnor;37,2187710328301
0861 Mönsterås;Hållbarhet;Män;46,1294653195572
0861 Mönsterås;Hållbarhet;Totalt;48,4158762794975
0861 Mönsterås;Livskvalitet;Kvinnor;51,5725887903691
0861 Mönsterås;Livskvalitet;Män;58,1899885367064
0861 Mönsterås;Livskvalitet;Totalt;56,3742504973135
0862 Emmaboda;Hållbarhet;Kvinnor;29,4712941139858
0862 Emmaboda;Hållbarhet;Män;39,5549639240766
0862 Emmaboda;Hållbarhet;Totalt;49,8492868036856
0862 Emmaboda;Livskvalitet;Kvinnor;46,6217426400633
0862 Emmaboda;Livskvalitet;Män;49,4565557468425
0862 Emmaboda;Livskvalitet;Totalt;53,8093680354233
0880 Kalmar;Hållbarhet;Kvinnor;41,9231475621830
0880 Kalmar;Hållbarhet;Män;46,9263305786849
0880 Kalmar;Hållbarhet;Totalt;52,5606381716013
0880 Kalmar;Livskvalitet;Kvinnor;56,9833459732238
0880 Kalmar;Livskvalitet;Män;64,6406715825242
0880 Kalmar;Livskvalitet;Totalt;58,6653955489591
0881 Nybro;Hållbarhet;Kvinnor;30,0285860209416
0881 Nybro;Hållbarhet;Män;38,2476919574875
0881 Nybro;Hållbarhet;Totalt;45,0909091546385
0881 Nybro;Livskvalitet;Kvinnor;41,5167871704942
0881 Nybro;Livskvalitet;Män;55,0314835576311
0881 Nybro;Livskvalitet;Totalt;52,1723240251109
0882 Oskarshamn;Hållbarhet;Kvinnor;42,7943649205014
0882 Oskarshamn;Hållbarhet;Män;49,9025422147701
0882 Oskarshamn;Hållbarhet;Totalt;54,9985624526307
0882 Oskarshamn;Livskvalitet;Kvinnor;58,9943204074345
0882 Oskarshamn;Livskvalitet;Män;63,0083619054658
0882 Oskarshamn;Livskvalitet;Totalt;60,9781638816284
0883 Västervik;Hållbarhet;Kvinnor;35,8224822926503
0883 Västervik;Hållbarhet;Män;38,3448619210155
0883 Västervik;Hållbarhet;Totalt;48,3712994580759
0883 Västervik;Livskvalitet;Kvinnor;55,6861696422856
0883 Västervik;Livskvalitet;Män;57,2985812796622
0883 Västervik;Livskvalitet;Totalt;57,7436327970688
0884 Vimmerby;Hållbarhet;Kvinnor;37,0186210948661
0884 Vimmerby;Hållbarhet;Män;43,3081885414087
0884 Vimmerby;Hållbarhet;Totalt;51,2176747708805
0884 Vimmerby;Livskvalitet;Kvinnor;49,9663748540374
0884 Vimmerby;Livskvalitet;Män;60,0441846592751
0884 Vimmerby;Livskvalitet;Totalt;55,4314551860666
0885 Borgholm;Hållbarhet;Kvinnor;43,5590777280719
0885 Borgholm;Hållbarhet;Män;45,8310957488417
0885 Borgholm;Hållbarhet;Totalt;51,1345209305845
0885 Borgholm;Livskvalitet;Kvinnor;54,6752894173079
0885 Borgholm;Livskvalitet;Män;59,3127516720886
0885 Borgholm;Livskvalitet;Totalt;57,7260481720282
0980 Gotland;Hållbarhet;Kvinnor;37,6736058042448
0980 Gotland;Hållbarhet;Män;42,8145267837457
0980 Gotland;Hållbarhet;Totalt;50,6080253179462
0980 Gotland;Livskvalitet;Kvinnor;57,5918462303936
0980 Gotland;Livskvalitet;Män;62,5588954880071
0980 Gotland;Livskvalitet;Totalt;61,6628906210590
1060 Olofström;Hållbarhet;Kvinnor;39,0804630610945
1060 Olofström;Hållbarhet;Män;42,2709990942547
1060 Olofström;Hållbarhet;Totalt;51,8142761493205
1060 Olofström;Livskvalitet;Kvinnor;46,1832914019443
1060 Olofström;Livskvalitet;Män;52,9957618196161
1060 Olofström;Livskvalitet;Totalt;54,1504094017190
1080 Karlskrona;Hållbarhet;Kvinnor;47,7243775953162
1080 Karlskrona;Hållbarhet;Män;50,0951579963569
1080 Karlskrona;Hållbarhet;Totalt;55,3951000979100
1080 Karlskrona;Livskvalitet;Kvinnor;52,6770674989742
1080 Karlskrona;Livskvalitet;Män;60,4533981808126
1080 Karlskrona;Livskvalitet;Totalt;55,9025520354296
1081 Ronneby;Hållbarhet;Kvinnor;39,1652757325864
1081 Ronneby;Hållbarhet;Män;42,3176899014039
1081 Ronneby;Hållbarhet;Totalt;49,4452084225375
1081 Ronneby;Livskvalitet;Kvinnor;47,4676069228378
1081 Ronneby;Livskvalitet;Män;53,7021648674406
1081 Ronneby;Livskvalitet;Totalt;53,4953434609719
1082 Karlshamn;Hållbarhet;Kvinnor;44,9677099203573
1082 Karlshamn;Hållbarhet;Män;44,1134899450245
1082 Karlshamn;Hållbarhet;Totalt;54,2103288928264
1082 Karlshamn;Livskvalitet;Kvinnor;52,1500906240459
1082 Karlshamn;Livskvalitet;Män;57,0806725041993
1082 Karlshamn;Livskvalitet;Totalt;59,7748431553328
1083 Sölvesborg;Hållbarhet;Kvinnor;44,2309008679585
1083 Sölvesborg;Hållbarhet;Män;47,4115584888562
1083 Sölvesborg;Hållbarhet;Totalt;54,1732746707409
1083 Sölvesborg;Livskvalitet;Kvinnor;51,8655753026280
1083 Sölvesborg;Livskvalitet;Män;58,6140386617270
1083 Sölvesborg;Livskvalitet;Totalt;54,7999889594617
1214 Svalöv;Hållbarhet;Kvinnor;37,2303948782286
1214 Svalöv;Hållbarhet;Män;43,8698592153190
1214 Svalöv;Hållbarhet;Totalt;52,3885284370366
1214 Svalöv;Livskvalitet;Kvinnor;46,2653176053641
1214 Svalöv;Livskvalitet;Män;53,6753083857005
1214 Svalöv;Livskvalitet;Totalt;49,5715240394749
1230 Staffanstorp;Hållbarhet;Kvinnor;55,1345107296838
1230 Staffanstorp;Hållbarhet;Män;56,7218891369241
1230 Staffanstorp;Hållbarhet;Totalt;59,3087198062407
1230 Staffanstorp;Livskvalitet;Kvinnor;66,5005022752478
1230 Staffanstorp;Livskvalitet;Män;68,6144171869299
1230 Staffanstorp;Livskvalitet;Totalt;65,6092588847673
1231 Burlöv;Hållbarhet;Kvinnor;36,2870485118268
1231 Burlöv;Hållbarhet;Män;39,1942475823567
1231 Burlöv;Hållbarhet;Totalt;46,9939726750832
1231 Burlöv;Livskvalitet;Kvinnor;47,9398971795841
1231 Burlöv;Livskvalitet;Män;56,0491571291110
1231 Burlöv;Livskvalitet;Totalt;51,4445470918704
1233 Vellinge;Hållbarhet;Kvinnor;60,8191409811464
1233 Vellinge;Hållbarhet;Män;67,8467357893536
1233 Vellinge;Hållbarhet;Totalt;67,7926771061058
1233 Vellinge;Livskvalitet;Kvinnor;70,7800348563019
1233 Vellinge;Livskvalitet;Män;77,3597340323671
1233 Vellinge;Livskvalitet;Totalt;71,8744596170896
1256 Östra Göinge;Hållbarhet;Kvinnor;30,6563597967040
1256 Östra Göinge;Hållbarhet;Män;29,3502426777659
1256 Östra Göinge;Hållbarhet;Totalt;47,9383203380408
1256 Östra Göinge;Livskvalitet;Kvinnor;44,4503337010431
1256 Östra Göinge;Livskvalitet;Män;44,8235920904706
1256 Östra Göinge;Livskvalitet;Totalt;46,5893902851471
1257 Örkelljunga;Hållbarhet;Kvinnor;31,8703093496745
1257 Örkelljunga;Hållbarhet;Män;41,0725641549393
1257 Örkelljunga;Hållbarhet;Totalt;46,0996814541939
1257 Örkelljunga;Livskvalitet;Kvinnor;53,8086904993441
1257 Örkelljunga;Livskvalitet;Män;50,1381008973386
1257 Örkelljunga;Livskvalitet;Totalt;51,9418987977058
1260 Bjuv;Hållbarhet;Kvinnor;30,8523144185011
1260 Bjuv;Hållbarhet;Män;34,7370298556414
1260 Bjuv;Hållbarhet;Totalt;48,6962032920757
1260 Bjuv;Livskvalitet;Kvinnor;48,2432459773881
1260 Bjuv;Livskvalitet;Män;51,8012571189719
1260 Bjuv;Livskvalitet;Totalt;47,9834081042603
1261 Kävlinge;Hållbarhet;Kvinnor;51,4482320337881
1261 Kävlinge;Hållbarhet;Män;58,3195220924909
1261 Kävlinge;Hållbarhet;Totalt;59,2953405457432
1261 Kävlinge;Livskvalitet;Kvinnor;63,6602992378008
1261 Kävlinge;Livskvalitet;Män;65,6985419963263
1261 Kävlinge;Livskvalitet;Totalt;62,6921227360054
1262 Lomma;Hållbarhet;Kvinnor;67,8076385387045
1262 Lomma;Hållbarhet;Män;72,1044279051604
1262 Lomma;Hållbarhet;Totalt;70,3039322650566
1262 Lomma;Livskvalitet;Kvinnor;69,9119817886134
1262 Lomma;Livskvalitet;Män;77,5293674970841
1262 Lomma;Livskvalitet;Totalt;74,0832400092691
1263 Svedala;Hållbarhet;Kvinnor;52,3114055254352
1263 Svedala;Hållbarhet;Män;56,1423930700675
1263 Svedala;Hållbarhet;Totalt;58,2920255685163
1263 Svedala;Livskvalitet;Kvinnor;57,0050898206035
1263 Svedala;Livskvalitet;Män;68,2106170819181
1263 Svedala;Livskvalitet;Totalt;60,6536690401949
1264 Skurup;Hållbarhet;Kvinnor;45,3004235581330
1264 Skurup;Hållbarhet;Män;50,0469954084091
1264 Skurup;Hållbarhet;Totalt;53,5839259125483
1264 Skurup;Livskvalitet;Kvinnor;49,4791294600548
1264 Skurup;Livskvalitet;Män;55,5363104248863
1264 Skurup;Livskvalitet;Totalt;55,0736174207618
1265 Sjöbo;Hållbarhet;Kvinnor;38,8795379638837
1265 Sjöbo;Hållbarhet;Män;45,5442405283637
1265 Sjöbo;Hållbarhet;Totalt;47,8174306822162
1265 Sjöbo;Livskvalitet;Kvinnor;45,1992302446849
1265 Sjöbo;Livskvalitet;Män;53,4114037345021
1265 Sjöbo;Livskvalitet;Totalt;49,5353573050251
1266 Hörby;Hållbarhet;Kvinnor;37,1690477827166
1266 Hörby;Hållbarhet;Män;44,7883489280827
1266 Hörby;Hållbarhet;Totalt;50,5577165628022
1266 Hörby;Livskvalitet;Kvinnor;45,9031103810758
1266 Hörby;Livskvalitet;Män;52,7874168309885
1266 Hörby;Livskvalitet;Totalt;49,1819578506193
1267 Höör;Hållbarhet;Kvinnor;51,5844530220900
1267 Höör;Hållbarhet;Män;47,4676506833673
1267 Höör;Hållbarhet;Totalt;56,1316059466590
1267 Höör;Livskvalitet;Kvinnor;52,2847956328505
1267 Höör;Livskvalitet;Män;60,8961655106283
1267 Höör;Livskvalitet;Totalt;55,3736521811119
1270 Tomelilla;Hållbarhet;Kvinnor;42,5400043748919
1270 Tomelilla;Hållbarhet;Män;38,0222293439018
1270 Tomelilla;Hållbarhet;Totalt;50,1674017637389
1270 Tomelilla;Livskvalitet;Kvinnor;50,7600009136762
1270 Tomelilla;Livskvalitet;Män;47,6549073379836
1270 Tomelilla;Livskvalitet;Totalt;50,9456931479937
1272 Bromölla;Hållbarhet;Kvinnor;31,2148548808501
1272 Bromölla;Hållbarhet;Män;35,6727828169942
1272 Bromölla;Hållbarhet;Totalt;46,8680058953963
1272 Bromölla;Livskvalitet;Kvinnor;41,7636063528480
1272 Bromölla;Livskvalitet;Män;57,5536312721921
1272 Bromölla;Livskvalitet;Totalt;52,9541169942046
1273 Osby;Hållbarhet;Kvinnor;41,5547723695661
1273 Osby;Hållbarhet;Män;38,8172485058132
1273 Osby;Hållbarhet;Totalt;49,7538787362095
1273 Osby;Livskvalitet;Kvinnor;46,6500919438978
1273 Osby;Livskvalitet;Män;48,7988797873214
1273 Osby;Livskvalitet;Totalt;49,7422698374220
1275 Perstorp;Hållbarhet;Kvinnor;22,8362400934678
1275 Perstorp;Hållbarhet;Män;36,4914089589393
1275 Perstorp;Hållbarhet;Totalt;44,5327871703380
1275 Perstorp;Livskvalitet;Kvinnor;34,4369482364554
1275 Perstorp;Livskvalitet;Män;45,9248728582643
1275 Perstorp;Livskvalitet;Totalt;40,8693762966864
1276 Klippan;Hållbarhet;Kvinnor;38,2134932064703
1276 Klippan;Hållbarhet;Män;37,7329514033661
1276 Klippan;Hållbarhet;Totalt;48,4379746880034
1276 Klippan;Livskvalitet;Kvinnor;48,5948226077380
1276 Klippan;Livskvalitet;Män;51,9066433502168
1276 Klippan;Livskvalitet;Totalt;51,1020769817466
1277 Åstorp;Hållbarhet;Kvinnor;36,1949155772975
1277 Åstorp;Hållbarhet;Män;35,5589793164600
1277 Åstorp;Hållbarhet;Totalt;47,3532502074243
1277 Åstorp;Livskvalitet;Kvinnor;43,4150286453943
1277 Åstorp;Livskvalitet;Män;52,5703068228888
1277 Åstorp;Livskvalitet;Totalt;47,7162508822408
1278 Båstad;Hållbarhet;Kvinnor;50,4711297535533
1278 Båstad;Hållbarhet;Män;59,1782707742492
1278 Båstad;Hållbarhet;Totalt;62,6265207755584
1278 Båstad;Livskvalitet;Kvinnor;61,4111502627850
1278 Båstad;Livskvalitet;Män;61,8833460805735
1278 Båstad;Livskvalitet;Totalt;59,9789351437386
1280 Malmö;Hållbarhet;Kvinnor;37,2167329926992
1280 Malmö;Hållbarhet;Män;38,6294316857662
1280 Malmö;Hållbarhet;Totalt;47,3809089958924
1280 Malmö;Livskvalitet;Kvinnor;51,9796812557489
1280 Malmö;Livskvalitet;Män;55,1450107836328
1280 Malmö;Livskvalitet;Totalt;51,8302398812407
1281 Lund;Hållbarhet;Kvinnor;47,3358019452594
1281 Lund;Hållbarhet;Män;52,6807936278504
1281 Lund;Hållbarhet;Totalt;56,8076653653888
1281 Lund;Livskvalitet;Kvinnor;62,4133754696853
1281 Lund;Livskvalitet;Män;68,6967936346381
1281 Lund;Livskvalitet;Totalt;63,9657838634601
1282 Landskrona;Hållbarhet;Kvinnor;32,9144813780690
1282 Landskrona;Hållbarhet;Män;37,6138155151046
1282 Landskrona;Hållbarhet;Totalt;47,5850565131086
1282 Landskrona;Livskvalitet;Kvinnor;50,2986926372905
1282 Landskrona;Livskvalitet;Män;52,6143754908833
1282 Landskrona;Livskvalitet;Totalt;49,9382652485105
1283 Helsingborg;Hållbarhet;Kvinnor;39,5307063662491
1283 Helsingborg;Hållbarhet;Män;40,4011969012968
1283 Helsingborg;Hållbarhet;Totalt;49,6556571359672
1283 Helsingborg;Livskvalitet;Kvinnor;54,4354710623628
1283 Helsingborg;Livskvalitet;Män;57,0814983166803
1283 Helsingborg;Livskvalitet;Totalt;53,1517834984438
1284 Höganäs;Hållbarhet;Kvinnor;51,5678732864807
1284 Höganäs;Hållbarhet;Män;53,3338685411349
1284 Höganäs;Hållbarhet;Totalt;62,2049553183488
1284 Höganäs;Livskvalitet;Kvinnor;64,7128482431393
1284 Höganäs;Livskvalitet;Män;67,9166140704281
1284 Höganäs;Livskvalitet;Totalt;64,7013670720080
1285 Eslöv;Hållbarhet;Kvinnor;40,9900057882246
1285 Eslöv;Hållbarhet;Män;43,8352093920811
1285 Eslöv;Hållbarhet;Totalt;50,7035909612092
1285 Eslöv;Livskvalitet;Kvinnor;53,9414137096399
1285 Eslöv;Livskvalitet;Män;57,8167975335111
1285 Eslöv;Livskvalitet;Totalt;53,6777412461284
1286 Ystad;Hållbarhet;Kvinnor;52,5362341008154
1286 Ystad;Hållbarhet;Män;54,8635984226768
1286 Ystad;Hållbarhet;Totalt;57,3172229033416
1286 Ystad;Livskvalitet;Kvinnor;63,1948535395438
1286 Ystad;Livskvalitet;Män;66,8238197223309
1286 Ystad;Livskvalitet;Totalt;63,5002152566482
1287 Trelleborg;Hållbarhet;Kvinnor;41,9427215776523
1287 Trelleborg;Hållbarhet;Män;44,1720571848414
1287 Trelleborg;Hållbarhet;Totalt;52,3755360808013
1287 Trelleborg;Livskvalitet;Kvinnor;55,0108335595341
1287 Trelleborg;Livskvalitet;Män;59,7403114756545
1287 Trelleborg;Livskvalitet;Totalt;53,1434958944785
1290 Kristianstad;Hållbarhet;Kvinnor;40,2762959816020
1290 Kristianstad;Hållbarhet;Män;41,7609873083176
1290 Kristianstad;Hållbarhet;Totalt;52,8924241721066
1290 Kristianstad;Livskvalitet;Kvinnor;51,1604134660604
1290 Kristianstad;Livskvalitet;Män;56,2598788555311
1290 Kristianstad;Livskvalitet;Totalt;53,2378627845951
1291 Simrishamn;Hållbarhet;Kvinnor;46,2928573190334
1291 Simrishamn;Hållbarhet;Män;50,9895182801115
1291 Simrishamn;Hållbarhet;Totalt;56,5353711604861
1291 Simrishamn;Livskvalitet;Kvinnor;58,3082564811287
1291 Simrishamn;Livskvalitet;Män;61,1060657786411
1291 Simrishamn;Livskvalitet;Totalt;59,4123202284514
1292 Ängelholm;Hållbarhet;Kvinnor;48,3341726823749
1292 Ängelholm;Hållbarhet;Män;51,6356953620187
1292 Ängelholm;Hållbarhet;Totalt;57,1715045578352
1292 Ängelholm;Livskvalitet;Kvinnor;64,3400005780127
1292 Ängelholm;Livskvalitet;Män;67,1631090093777
1292 Ängelholm;Livskvalitet;Totalt;64,6502614167589
1293 Hässleholm;Hållbarhet;Kvinnor;34,8982134128557
1293 Hässleholm;Hållbarhet;Män;39,3175756057203
1293 Hässleholm;Hållbarhet;Totalt;48,1922853005537
1293 Hässleholm;Livskvalitet;Kvinnor;48,1161458944308
1293 Hässleholm;Livskvalitet;Män;53,8529022892837
1293 Hässleholm;Livskvalitet;Totalt;52,4758244693946
1315 Hylte;Hållbarhet;Kvinnor;34,9162266829684
1315 Hylte;Hållbarhet;Män;37,9478521107266
1315 Hylte;Hållbarhet;Totalt;47,3812531860327
1315 Hylte;Livskvalitet;Kvinnor;48,4055704455538
1315 Hylte;Livskvalitet;Män;51,9515695328591
1315 Hylte;Livskvalitet;Totalt;51,9773380893256
1380 Halmstad;Hållbarhet;Kvinnor;41,2902872790612
1380 Halmstad;Hållbarhet;Män;44,8329659327730
1380 Halmstad;Hållbarhet;Totalt;51,1041283107098
1380 Halmstad;Livskvalitet;Kvinnor;58,3203272385457
1380 Halmstad;Livskvalitet;Män;63,5854620692532
1380 Halmstad;Livskvalitet;Totalt;58,8738244664389
1381 Laholm;Hållbarhet;Kvinnor;42,0185213393498
1381 Laholm;Hållbarhet;Män;43,7809948192227
1381 Laholm;Hållbarhet;Totalt;52,9167141518570
1381 Laholm;Livskvalitet;Kvinnor;59,4554273089902
1381 Laholm;Livskvalitet;Män;61,0836241360306
1381 Laholm;Livskvalitet;Totalt;60,4735359058998
1382 Falkenberg;Hållbarhet;Kvinnor;43,4495263608530
1382 Falkenberg;Hållbarhet;Män;45,0999754367351
1382 Falkenberg;Hållbarhet;Totalt;54,1552643233060
1382 Falkenberg;Livskvalitet;Kvinnor;57,0374725731802
1382 Falkenberg;Livskvalitet;Män;62,8181907275607
1382 Falkenberg;Livskvalitet;Totalt;59,4640632215857
1383 Varberg;Hållbarhet;Kvinnor;48,0343198690469
1383 Varberg;Hållbarhet;Män;52,6833724808575
1383 Varberg;Hållbarhet;Totalt;57,3776825270411
1383 Varberg;Livskvalitet;Kvinnor;63,6542779701939
1383 Varberg;Livskvalitet;Män;69,3104794369538
1383 Varberg;Livskvalitet;Totalt;64,9095697050760
1384 Kungsbacka;Hållbarhet;Kvinnor;54,2124622094917
1384 Kungsbacka;Hållbarhet;Män;58,2773481161282
1384 Kungsbacka;Hållbarhet;Totalt;61,9164268364213
1384 Kungsbacka;Livskvalitet;Kvinnor;64,3121118134278
1384 Kungsbacka;Livskvalitet;Män;73,4972965487247
1384 Kungsbacka;Livskvalitet;Totalt;67,1314616245141
1401 Härryda;Hållbarhet;Kvinnor;52,3661911556166
1401 Härryda;Hållbarhet;Män;58,6375599385286
1401 Härryda;Hållbarhet;Totalt;61,7055909150415
1401 Härryda;Livskvalitet;Kvinnor;61,8880506542163
1401 Härryda;Livskvalitet;Män;69,6101899931726
1401 Härryda;Livskvalitet;Totalt;62,7789413021989
1402 Partille;Hållbarhet;Kvinnor;49,1138527095651
1402 Partille;Hållbarhet;Män;54,0245323920223
1402 Partille;Hållbarhet;Totalt;60,1991111016252
1402 Partille;Livskvalitet;Kvinnor;63,6731280214935
1402 Partille;Livskvalitet;Män;68,5897335480570
1402 Partille;Livskvalitet;Totalt;63,4800540941200
1407 Öckerö;Hållbarhet;Kvinnor;55,5919110861460
1407 Öckerö;Hållbarhet;Män;57,6975112090236
1407 Öckerö;Hållbarhet;Totalt;62,5810487800111
1407 Öckerö;Livskvalitet;Kvinnor;69,1531542410080
1407 Öckerö;Livskvalitet;Män;74,5422959446918
1407 Öckerö;Livskvalitet;Totalt;70,6278777632205
1415 Stenungsund;Hållbarhet;Kvinnor;47,0915048456389
1415 Stenungsund;Hållbarhet;Män;53,6772415050560
1415 Stenungsund;Hållbarhet;Totalt;55,4630796693983
1415 Stenungsund;Livskvalitet;Kvinnor;55,4084806920341
1415 Stenungsund;Livskvalitet;Män;65,2465044175508
1415 Stenungsund;Livskvalitet;Totalt;58,3382726315217
1419 Tjörn;Hållbarhet;Kvinnor;48,3187394150594
1419 Tjörn;Hållbarhet;Män;57,8222001928925
1419 Tjörn;Hållbarhet;Totalt;61,3199583901645
1419 Tjörn;Livskvalitet;Kvinnor;64,7440082781121
1419 Tjörn;Livskvalitet;Män;70,5770643021923
1419 Tjörn;Livskvalitet;Totalt;65,8087976314395
1421 Orust;Hållbarhet;Kvinnor;45,5118125620848
1421 Orust;Hållbarhet;Män;52,8112476006004
1421 Orust;Hållbarhet;Totalt;58,5656900699074
1421 Orust;Livskvalitet;Kvinnor;58,1357377141444
1421 Orust;Livskvalitet;Män;62,6703701169303
1421 Orust;Livskvalitet;Totalt;59,5475802023639
1427 Sotenäs;Hållbarhet;Kvinnor;49,2121529225781
1427 Sotenäs;Hållbarhet;Män;52,7794377556464
1427 Sotenäs;Hållbarhet;Totalt;57,7185150234373
1427 Sotenäs;Livskvalitet;Kvinnor;64,0072902819302
1427 Sotenäs;Livskvalitet;Män;67,6548346029033
1427 Sotenäs;Livskvalitet;Totalt;66,1364513818820
1430 Munkedal;Hållbarhet;Kvinnor;39,6352564379305
1430 Munkedal;Hållbarhet;Män;41,9789826658967
1430 Munkedal;Hållbarhet;Totalt;51,8127540006909
1430 Munkedal;Livskvalitet;Kvinnor;46,3641239272496
1430 Munkedal;Livskvalitet;Män;53,0618672776477
1430 Munkedal;Livskvalitet;Totalt;49,4299677297141
1435 Tanum;Hållbarhet;Kvinnor;42,4555291781166
1435 Tanum;Hållbarhet;Män;47,9081022438385
1435 Tanum;Hållbarhet;Totalt;52,4768449654555
1435 Tanum;Livskvalitet;Kvinnor;49,9905199104070
1435 Tanum;Livskvalitet;Män;53,0433427844649
1435 Tanum;Livskvalitet;Totalt;53,8697643488607
1438 Dals-Ed;Hållbarhet;Kvinnor;40,3982170332498
1438 Dals-Ed;Hållbarhet;Män;47,5940407974208
1438 Dals-Ed;Hållbarhet;Totalt;51,9104248645693
1438 Dals-Ed;Livskvalitet;Kvinnor;48,7882062487433
1438 Dals-Ed;Livskvalitet;Män;54,5863902565955
1438 Dals-Ed;Livskvalitet;Totalt;57,0636989686305
1439 Färgelanda;Hållbarhet;Kvinnor;38,4619846222943
1439 Färgelanda;Hållbarhet;Män;40,9064077248364
1439 Färgelanda;Hållbarhet;Totalt;48,9534004395525
1439 Färgelanda;Livskvalitet;Kvinnor;39,1117705054045
1439 Färgelanda;Livskvalitet;Män;54,7472648794445
1439 Färgelanda;Livskvalitet;Totalt;48,7220639470439
1440 Ale;Hållbarhet;Kvinnor;41,1221799381026
1440 Ale;Hållbarhet;Män;50,6583013655717
1440 Ale;Hållbarhet;Totalt;56,5969956611658
1440 Ale;Livskvalitet;Kvinnor;52,7106248815705
1440 Ale;Livskvalitet;Män;63,9484887933592
1440 Ale;Livskvalitet;Totalt;54,1797126216249
1441 Lerum;Hållbarhet;Kvinnor;52,1634649422036
1441 Lerum;Hållbarhet;Män;56,9648572695712
1441 Lerum;Hållbarhet;Totalt;61,2509816206970
1441 Lerum;Livskvalitet;Kvinnor;57,1767075375985
1441 Lerum;Livskvalitet;Män;69,8510954594126
1441 Lerum;Livskvalitet;Totalt;61,3102900603785
1442 Vårgårda;Hållbarhet;Kvinnor;36,0438136339661
1442 Vårgårda;Hållbarhet;Män;47,8447238251712
1442 Vårgårda;Hållbarhet;Totalt;52,6174055765604
1442 Vårgårda;Livskvalitet;Kvinnor;43,3176553614465
1442 Vårgårda;Livskvalitet;Män;59,7609773368761
1442 Vårgårda;Livskvalitet;Totalt;49,5255291344479
1443 Bollebygd;Hållbarhet;Kvinnor;49,9434419173949
1443 Bollebygd;Hållbarhet;Män;54,2828611850412
1443 Bollebygd;Hållbarhet;Totalt;56,5806802889834
1443 Bollebygd;Livskvalitet;Kvinnor;48,3133828620024
1443 Bollebygd;Livskvalitet;Män;66,0381529566632
1443 Bollebygd;Livskvalitet;Totalt;56,6456989041986
1444 Grästorp;Hållbarhet;Kvinnor;40,9700150034053
1444 Grästorp;Hållbarhet;Män;42,7911927540686
1444 Grästorp;Hållbarhet;Totalt;55,3643207248505
1444 Grästorp;Livskvalitet;Kvinnor;55,1807050894214
1444 Grästorp;Livskvalitet;Män;58,5661133727952
1444 Grästorp;Livskvalitet;Totalt;59,3670012305253
1445 Essunga;Hållbarhet;Kvinnor;35,3235675392320
1445 Essunga;Hållbarhet;Män;35,6514802921649
1445 Essunga;Hållbarhet;Totalt;49,1505950479257
1445 Essunga;Livskvalitet;Kvinnor;52,4580064360502
1445 Essunga;Livskvalitet;Män;54,2625777263370
1445 Essunga;Livskvalitet;Totalt;52,7307860069009
1446 Karlsborg;Hållbarhet;Kvinnor;37,3407279894811
1446 Karlsborg;Hållbarhet;Män;46,7108924966911
1446 Karlsborg;Hållbarhet;Totalt;55,8968161466297
1446 Karlsborg;Livskvalitet;Kvinnor;54,9245904756684
1446 Karlsborg;Livskvalitet;Män;69,4174951656515
1446 Karlsborg;Livskvalitet;Totalt;62,0893279626247
1447 Gullspång;Hållbarhet;Kvinnor;25,0850039614480
1447 Gullspång;Hållbarhet;Män;33,3824165783518
1447 Gullspång;Hållbarhet;Totalt;48,8412169130982
1447 Gullspång;Livskvalitet;Kvinnor;45,5422827533685
1447 Gullspång;Livskvalitet;Män;47,8702361079402
1447 Gullspång;Livskvalitet;Totalt;48,3110441795215
1452 Tranemo;Hållbarhet;Kvinnor;42,2818561364547
1452 Tranemo;Hållbarhet;Män;43,4644932003812
1452 Tranemo;Hållbarhet;Totalt;54,0667499638568
1452 Tranemo;Livskvalitet;Kvinnor;51,8054337440748
1452 Tranemo;Livskvalitet;Män;61,6689393508806
1452 Tranemo;Livskvalitet;Totalt;56,1352076803152
1460 Bengtsfors;Hållbarhet;Kvinnor;32,9881666718991
1460 Bengtsfors;Hållbarhet;Män;39,3374159911419
1460 Bengtsfors;Hållbarhet;Totalt;48,5299118109762
1460 Bengtsfors;Livskvalitet;Kvinnor;45,9802900478646
1460 Bengtsfors;Livskvalitet;Män;53,6065806008845
1460 Bengtsfors;Livskvalitet;Totalt;50,6832617268386
1461 Mellerud;Hållbarhet;Kvinnor;29,3089278499288
1461 Mellerud;Hållbarhet;Män;36,8250835629582
1461 Mellerud;Hållbarhet;Totalt;45,9908941920469
1461 Mellerud;Livskvalitet;Kvinnor;40,3658459312143
1461 Mellerud;Livskvalitet;Män;51,8860061745630
1461 Mellerud;Livskvalitet;Totalt;44,5878594884906
1462 Lilla Edet;Hållbarhet;Kvinnor;35,9396584234709
1462 Lilla Edet;Hållbarhet;Män;40,7210882537945
1462 Lilla Edet;Hållbarhet;Totalt;51,2288091876047
1462 Lilla Edet;Livskvalitet;Kvinnor;43,5931126689948
1462 Lilla Edet;Livskvalitet;Män;53,1863886972407
1462 Lilla Edet;Livskvalitet;Totalt;48,4216674825344
1463 Mark;Hållbarhet;Kvinnor;39,2989665327232
1463 Mark;Hållbarhet;Män;43,0934352911278
1463 Mark;Hållbarhet;Totalt;52,2749294553528
1463 Mark;Livskvalitet;Kvinnor;49,4505969141655
1463 Mark;Livskvalitet;Män;59,1200890552302
1463 Mark;Livskvalitet;Totalt;54,2007204300349
1465 Svenljunga;Hållbarhet;Kvinnor;37,2791725675400
1465 Svenljunga;Hållbarhet;Män;35,9762181555767
1465 Svenljunga;Hållbarhet;Totalt;48,3391486730313
1465 Svenljunga;Livskvalitet;Kvinnor;45,8396829457929
1465 Svenljunga;Livskvalitet;Män;54,1917456362027
1465 Svenljunga;Livskvalitet;Totalt;46,9572667940588
1466 Herrljunga;Hållbarhet;Kvinnor;34,3206334368039
1466 Herrljunga;Hållbarhet;Män;45,9976101370530
1466 Herrljunga;Hållbarhet;Totalt;48,4081803990087
1466 Herrljunga;Livskvalitet;Kvinnor;48,2908114903723
1466 Herrljunga;Livskvalitet;Män;55,0115040027497
1466 Herrljunga;Livskvalitet;Totalt;53,2528804706527
1470 Vara;Hållbarhet;Kvinnor;38,2859124823801
1470 Vara;Hållbarhet;Män;41,4064139188576
1470 Vara;Hållbarhet;Totalt;50,5607539437577
1470 Vara;Livskvalitet;Kvinnor;48,4436997823117
1470 Vara;Livskvalitet;Män;53,7181717471839
1470 Vara;Livskvalitet;Totalt;51,0648969531817
1471 Götene;Hållbarhet;Kvinnor;35,8585907314253
1471 Götene;Hållbarhet;Män;45,9882157544819
1471 Götene;Hållbarhet;Totalt;54,5424604621666
1471 Götene;Livskvalitet;Kvinnor;49,5631176621249
1471 Götene;Livskvalitet;Män;60,9361730184856
1471 Götene;Livskvalitet;Totalt;55,2137579595238
1472 Tibro;Hållbarhet;Kvinnor;35,6044593676120
1472 Tibro;Hållbarhet;Män;42,5750970792894
1472 Tibro;Hållbarhet;Totalt;52,0409647832091
1472 Tibro;Livskvalitet;Kvinnor;47,9839954837635
1472 Tibro;Livskvalitet;Män;60,4201413798267
1472 Tibro;Livskvalitet;Totalt;55,9064986551636
1473 Töreboda;Hållbarhet;Kvinnor;30,5665984015379
1473 Töreboda;Hållbarhet;Män;37,6777314372939
1473 Töreboda;Hållbarhet;Totalt;45,7452313510090
1473 Töreboda;Livskvalitet;Kvinnor;48,7962624953598
1473 Töreboda;Livskvalitet;Män;52,2961647018772
1473 Töreboda;Livskvalitet;Totalt;52,6722018923869
1480 Göteborg;Hållbarhet;Kvinnor;43,1479851364787
1480 Göteborg;Hållbarhet;Män;46,1059421337838
1480 Göteborg;Hållbarhet;Totalt;54,3561519174049
1480 Göteborg;Livskvalitet;Kvinnor;54,6039092522795
1480 Göteborg;Livskvalitet;Män;61,5383824645079
1480 Göteborg;Livskvalitet;Totalt;56,2101403035873
1481 Mölndal;Hållbarhet;Kvinnor;52,0556558401704
1481 Mölndal;Hållbarhet;Män;55,7313524610904
1481 Mölndal;Hållbarhet;Totalt;60,7250595970585
1481 Mölndal;Livskvalitet;Kvinnor;61,2871868005421
1481 Mölndal;Livskvalitet;Män;73,6743156655267
1481 Mölndal;Livskvalitet;Totalt;64,9264585144463
1482 Kungälv;Hållbarhet;Kvinnor;50,5656428326659
1482 Kungälv;Hållbarhet;Män;52,8498395636548
1482 Kungälv;Hållbarhet;Totalt;61,7186857187429
1482 Kungälv;Livskvalitet;Kvinnor;57,4566486997919
1482 Kungälv;Livskvalitet;Män;68,8448219246714
1482 Kungälv;Livskvalitet;Totalt;61,0396186247188
1484 Lysekil;Hållbarhet;Kvinnor;46,3068512889867
1484 Lysekil;Hållbarhet;Män;48,2923277330526
1484 Lysekil;Hållbarhet;Totalt;45,6099225238111
1484 Lysekil;Livskvalitet;Kvinnor;57,9328681329947
1484 Lysekil;Livskvalitet;Män;60,7635956458377
1484 Lysekil;Livskvalitet;Totalt;56,6091192199062
1485 Uddevalla;Hållbarhet;Kvinnor;40,5751707732718
1485 Uddevalla;Hållbarhet;Män;46,0462090896855
1485 Uddevalla;Hållbarhet;Totalt;51,1878892204944
1485 Uddevalla;Livskvalitet;Kvinnor;45,5029374570287
1485 Uddevalla;Livskvalitet;Män;57,7555417093130
1485 Uddevalla;Livskvalitet;Totalt;50,6901331294774
1486 Strömstad;Hållbarhet;Kvinnor;38,7293484731055
1486 Strömstad;Hållbarhet;Män;37,1614978286046
1486 Strömstad;Hållbarhet;Totalt;44,0056626232529
1486 Strömstad;Livskvalitet;Kvinnor;42,1513977074296
1486 Strömstad;Livskvalitet;Män;56,1241964065356
1486 Strömstad;Livskvalitet;Totalt;49,9891339193826
1487 Vänersborg;Hållbarhet;Kvinnor;39,1426950304981
1487 Vänersborg;Hållbarhet;Män;45,2012720630310
1487 Vänersborg;Hållbarhet;Totalt;52,9905305218050
1487 Vänersborg;Livskvalitet;Kvinnor;48,9159236306325
1487 Vänersborg;Livskvalitet;Män;58,8975610475089
1487 Vänersborg;Livskvalitet;Totalt;50,8089312225622
1488 Trollhättan;Hållbarhet;Kvinnor;40,4195178204790
1488 Trollhättan;Hållbarhet;Män;46,8025323523733
1488 Trollhättan;Hållbarhet;Totalt;53,2605849610032
1488 Trollhättan;Livskvalitet;Kvinnor;51,9326213680653
1488 Trollhättan;Livskvalitet;Män;66,1150109956016
1488 Trollhättan;Livskvalitet;Totalt;55,3901935429809
1489 Alingsås;Hållbarhet;Kvinnor;42,6991923811905
1489 Alingsås;Hållbarhet;Män;51,4349927404814
1489 Alingsås;Hållbarhet;Totalt;55,9887055421516
1489 Alingsås;Livskvalitet;Kvinnor;56,1234488472468
1489 Alingsås;Livskvalitet;Män;63,1766959162174
1489 Alingsås;Livskvalitet;Totalt;58,1829935851936
1490 Borås;Hållbarhet;Kvinnor;38,4138510434643
1490 Borås;Hållbarhet;Män;41,8808447296749
1490 Borås;Hållbarhet;Totalt;51,4485388136250
1490 Borås;Livskvalitet;Kvinnor;48,9245615425828
1490 Borås;Livskvalitet;Män;61,4175845815511
1490 Borås;Livskvalitet;Totalt;52,6931425610807
1491 Ulricehamn;Hållbarhet;Kvinnor;38,3266660691534
1491 Ulricehamn;Hållbarhet;Män;45,4920565316184
1491 Ulricehamn;Hållbarhet;Totalt;53,9753779721894
1491 Ulricehamn;Livskvalitet;Kvinnor;55,8759823141936
1491 Ulricehamn;Livskvalitet;Män;64,4993754520543
1491 Ulricehamn;Livskvalitet;Totalt;58,7472863850616
1492 Åmål;Hållbarhet;Kvinnor;35,0645995893760
1492 Åmål;Hållbarhet;Män;41,6522715151789
1492 Åmål;Hållbarhet;Totalt;47,3746503296403
1492 Åmål;Livskvalitet;Kvinnor;46,1694678436047
1492 Åmål;Livskvalitet;Män;58,6190260072825
1492 Åmål;Livskvalitet;Totalt;52,2885804031734
1493 Mariestad;Hållbarhet;Kvinnor;40,7783227407663
1493 Mariestad;Hållbarhet;Män;43,2448717573080
1493 Mariestad;Hållbarhet;Totalt;54,0162507145124
1493 Mariestad;Livskvalitet;Kvinnor;57,8555523252138
1493 Mariestad;Livskvalitet;Män;64,2259104244322
1493 Mariestad;Livskvalitet;Totalt;60,5473912673012
1494 Lidköping;Hållbarhet;Kvinnor;43,7474720895961
1494 Lidköping;Hållbarhet;Män;48,4475462210013
1494 Lidköping;Hållbarhet;Totalt;54,1387381953245
1494 Lidköping;Livskvalitet;Kvinnor;56,4831438672398
1494 Lidköping;Livskvalitet;Män;68,6223745579008
1494 Lidköping;Livskvalitet;Totalt;60,3087626554841
1495 Skara;Hållbarhet;Kvinnor;37,7618556448613
1495 Skara;Hållbarhet;Män;42,0848968418614
1495 Skara;Hållbarhet;Totalt;54,6058690387906
1495 Skara;Livskvalitet;Kvinnor;47,4737275301784
1495 Skara;Livskvalitet;Män;55,2490730649102
1495 Skara;Livskvalitet;Totalt;51,1442437423594
1496 Skövde;Hållbarhet;Kvinnor;42,6823553774089
1496 Skövde;Hållbarhet;Män;49,0963224036495
1496 Skövde;Hållbarhet;Totalt;55,5020841700101
1496 Skövde;Livskvalitet;Kvinnor;54,2256706699917
1496 Skövde;Livskvalitet;Män;65,6710939364632
1496 Skövde;Livskvalitet;Totalt;58,4277632384049
1497 Hjo;Hållbarhet;Kvinnor;44,1074136261001
1497 Hjo;Hållbarhet;Män;49,5934685509077
1497 Hjo;Hållbarhet;Totalt;55,6849119526040
1497 Hjo;Livskvalitet;Kvinnor;58,5744652139359
1497 Hjo;Livskvalitet;Män;58,6595808234355
1497 Hjo;Livskvalitet;Totalt;57,4842297063425
1498 Tidaholm;Hållbarhet;Kvinnor;34,2837325741408
1498 Tidaholm;Hållbarhet;Män;38,2472113132752
1498 Tidaholm;Hållbarhet;Totalt;49,9272475981402
1498 Tidaholm;Livskvalitet;Kvinnor;49,9426319790714
1498 Tidaholm;Livskvalitet;Män;57,8398382670418
1498 Tidaholm;Livskvalitet;Totalt;55,7483255442684
1499 Falköping;Hållbarhet;Kvinnor;37,0844883660020
1499 Falköping;Hållbarhet;Män;43,7457546120706
1499 Falköping;Hållbarhet;Totalt;53,9334865863882
1499 Falköping;Livskvalitet;Kvinnor;50,8713012951738
1499 Falköping;Livskvalitet;Män;60,0643970191413
1499 Falköping;Livskvalitet;Totalt;54,6828739948820
1715 Kil;Hållbarhet;Kvinnor;39,7477836851476
1715 Kil;Hållbarhet;Män;41,9292088685216
1715 Kil;Hållbarhet;Totalt;52,3408483020332
1715 Kil;Livskvalitet;Kvinnor;48,9687560344323
1715 Kil;Livskvalitet;Män;59,7313454040596
1715 Kil;Livskvalitet;Totalt;51,6388006696635
1730 Eda;Hållbarhet;Kvinnor;29,6759476356431
1730 Eda;Hållbarhet;Män;29,2371070204724
1730 Eda;Hållbarhet;Totalt;43,0901373537151
1730 Eda;Livskvalitet;Kvinnor;38,3551493982815
1730 Eda;Livskvalitet;Män;48,3478026800059
1730 Eda;Livskvalitet;Totalt;46,4846544932395
1737 Torsby;Hållbarhet;Kvinnor;32,3985627829950
1737 Torsby;Hållbarhet;Män;39,0796124243383
1737 Torsby;Hållbarhet;Totalt;49,2906824397509
1737 Torsby;Livskvalitet;Kvinnor;45,8400446087708
1737 Torsby;Livskvalitet;Män;55,9132779524290
1737 Torsby;Livskvalitet;Totalt;52,6562873440013
1760 Storfors;Hållbarhet;Kvinnor;31,8525573886033
1760 Storfors;Hållbarhet;Män;38,2753148388396
1760 Storfors;Hållbarhet;Totalt;47,5518246581004
1760 Storfors;Livskvalitet;Kvinnor;38,4247888851776
1760 Storfors;Livskvalitet;Män;53,7722891469129
1760 Storfors;Livskvalitet;Totalt;50,0586487991007
1761 Hammarö;Hållbarhet;Kvinnor;51,0564498645719
1761 Hammarö;Hållbarhet;Män;51,9712381468126
1761 Hammarö;Hållbarhet;Totalt;60,8338232559466
1761 Hammarö;Livskvalitet;Kvinnor;54,1047015024923
1761 Hammarö;Livskvalitet;Män;68,6685010850195
1761 Hammarö;Livskvalitet;Totalt;62,0330594632462
1762 Munkfors;Hållbarhet;Kvinnor;41,8804496929437
1762 Munkfors;Hållbarhet;Män;39,2050162099217
1762 Munkfors;Hållbarhet;Totalt;47,6052239361081
1762 Munkfors;Livskvalitet;Kvinnor;49,2093828140191
1762 Munkfors;Livskvalitet;Män;51,6748872827037
1762 Munkfors;Livskvalitet;Totalt;50,2765321668416
1763 Forshaga;Hållbarhet;Kvinnor;39,8894419905240
1763 Forshaga;Hållbarhet;Män;40,0514601274447
1763 Forshaga;Hållbarhet;Totalt;52,2351992830063
1763 Forshaga;Livskvalitet;Kvinnor;49,4191771399084
1763 Forshaga;Livskvalitet;Män;59,3464077245038
1763 Forshaga;Livskvalitet;Totalt;54,5847045772686
1764 Grums;Hållbarhet;Kvinnor;28,8220384642032
1764 Grums;Hållbarhet;Män;39,5762901481999
1764 Grums;Hållbarhet;Totalt;46,2309781214208
1764 Grums;Livskvalitet;Kvinnor;45,9855928764456
1764 Grums;Livskvalitet;Män;54,9241850705316
1764 Grums;Livskvalitet;Totalt;49,3560833825864
1765 Årjäng;Hållbarhet;Kvinnor;38,7812602180729
1765 Årjäng;Hållbarhet;Män;36,2588481454328
1765 Årjäng;Hållbarhet;Totalt;46,5886097263612
1765 Årjäng;Livskvalitet;Kvinnor;47,0894870938037
1765 Årjäng;Livskvalitet;Män;54,3158771699064
1765 Årjäng;Livskvalitet;Totalt;53,7246958873314
1766 Sunne;Hållbarhet;Kvinnor;37,6743998437112
1766 Sunne;Hållbarhet;Män;40,9855865060919
1766 Sunne;Hållbarhet;Totalt;51,4885249811975
1766 Sunne;Livskvalitet;Kvinnor;46,0066241833982
1766 Sunne;Livskvalitet;Män;57,0740129510743
1766 Sunne;Livskvalitet;Totalt;54,3239612950569
1780 Karlstad;Hållbarhet;Kvinnor;42,6908794658580
1780 Karlstad;Hållbarhet;Män;48,7191240053781
1780 Karlstad;Hållbarhet;Totalt;55,6084408191117
1780 Karlstad;Livskvalitet;Kvinnor;56,7563870867047
1780 Karlstad;Livskvalitet;Män;67,3024539268894
1780 Karlstad;Livskvalitet;Totalt;59,1137600280792
1781 Kristinehamn;Hållbarhet;Kvinnor;32,1494260460638
1781 Kristinehamn;Hållbarhet;Män;34,3913307187389
1781 Kristinehamn;Hållbarhet;Totalt;48,0475747101704
1781 Kristinehamn;Livskvalitet;Kvinnor;44,4970722494984
1781 Kristinehamn;Livskvalitet;Män;55,2375730021536
1781 Kristinehamn;Livskvalitet;Totalt;44,6072917023115
1782 Filipstad;Hållbarhet;Kvinnor;27,5372099212316
1782 Filipstad;Hållbarhet;Män;35,2827759920995
1782 Filipstad;Hållbarhet;Totalt;45,2635175370218
1782 Filipstad;Livskvalitet;Kvinnor;39,3427960061854
1782 Filipstad;Livskvalitet;Män;51,1879773229687
1782 Filipstad;Livskvalitet;Totalt;46,5070181942101
1783 Hagfors;Hållbarhet;Kvinnor;33,5435859205758
1783 Hagfors;Hållbarhet;Män;38,0316689576384
1783 Hagfors;Hållbarhet;Totalt;49,0771426742772
1783 Hagfors;Livskvalitet;Kvinnor;42,0689690800145
1783 Hagfors;Livskvalitet;Män;54,6088004666367
1783 Hagfors;Livskvalitet;Totalt;47,0199895444982
1784 Arvika;Hållbarhet;Kvinnor;40,6293596909956
1784 Arvika;Hållbarhet;Män;43,7046081705770
1784 Arvika;Hållbarhet;Totalt;54,7285591160952
1784 Arvika;Livskvalitet;Kvinnor;47,5506171614648
1784 Arvika;Livskvalitet;Män;57,0878174078247
1784 Arvika;Livskvalitet;Totalt;52,0379213746933
1785 Säffle;Hållbarhet;Kvinnor;30,1490682969944
1785 Säffle;Hållbarhet;Män;36,2216158798011
1785 Säffle;Hållbarhet;Totalt;46,5959279743181
1785 Säffle;Livskvalitet;Kvinnor;37,6066313077260
1785 Säffle;Livskvalitet;Män;52,3662297120290
1785 Säffle;Livskvalitet;Totalt;46,9647718979612
1814 Lekeberg;Hållbarhet;Kvinnor;41,6769471597423
1814 Lekeberg;Hållbarhet;Män;52,2921751151282
1814 Lekeberg;Hållbarhet;Totalt;56,4455233639798
1814 Lekeberg;Livskvalitet;Kvinnor;54,7637100322584
1814 Lekeberg;Livskvalitet;Män;60,6588973972143
1814 Lekeberg;Livskvalitet;Totalt;55,3403803949270
1860 Laxå;Hållbarhet;Kvinnor;32,2364687914167
1860 Laxå;Hållbarhet;Män;42,8434751636620
1860 Laxå;Hållbarhet;Totalt;47,5683037641121
1860 Laxå;Livskvalitet;Kvinnor;44,8853331489600
1860 Laxå;Livskvalitet;Män;53,8654528163662
1860 Laxå;Livskvalitet;Totalt;48,2986851914067
1861 Hallsberg;Hållbarhet;Kvinnor;30,4471599078689
1861 Hallsberg;Hållbarhet;Män;39,4976917429705
1861 Hallsberg;Hållbarhet;Totalt;49,9429703470294
1861 Hallsberg;Livskvalitet;Kvinnor;44,5663609209895
1861 Hallsberg;Livskvalitet;Män;55,3579257638768
1861 Hallsberg;Livskvalitet;Totalt;50,8642801703426
1862 Degerfors;Hållbarhet;Kvinnor;35,0092787922137
1862 Degerfors;Hållbarhet;Män;28,9671869252343
1862 Degerfors;Hållbarhet;Totalt;48,4934969582233
1862 Degerfors;Livskvalitet;Kvinnor;43,5702887046084
1862 Degerfors;Livskvalitet;Män;52,2613142538093
1862 Degerfors;Livskvalitet;Totalt;48,9136110904624
1863 Hällefors;Hållbarhet;Kvinnor;31,6879844283838
1863 Hällefors;Hållbarhet;Män;34,2170797908184
1863 Hällefors;Hållbarhet;Totalt;49,5375411203551
1863 Hällefors;Livskvalitet;Kvinnor;46,6442252511291
1863 Hällefors;Livskvalitet;Män;52,8966085405952
1863 Hällefors;Livskvalitet;Totalt;51,5927011093993
1864 Ljusnarsberg;Hållbarhet;Kvinnor;30,6215403365656
1864 Ljusnarsberg;Hållbarhet;Män;33,6456036780741
1864 Ljusnarsberg;Hållbarhet;Totalt;48,2778989682874
1864 Ljusnarsberg;Livskvalitet;Kvinnor;37,8300827454831
1864 Ljusnarsberg;Livskvalitet;Män;46,7400357077816
1864 Ljusnarsberg;Livskvalitet;Totalt;43,9423634570943
1880 Örebro;Hållbarhet;Kvinnor;40,4756788018122
1880 Örebro;Hållbarhet;Män;42,2304248208590
1880 Örebro;Hållbarhet;Totalt;50,6723547340869
1880 Örebro;Livskvalitet;Kvinnor;56,0344550670317
1880 Örebro;Livskvalitet;Män;59,6557701161818
1880 Örebro;Livskvalitet;Totalt;56,0478624504427
1881 Kumla;Hållbarhet;Kvinnor;36,0825145774293
1881 Kumla;Hållbarhet;Män;45,4500490997437
1881 Kumla;Hållbarhet;Totalt;49,2193236177263
1881 Kumla;Livskvalitet;Kvinnor;51,1250448180441
1881 Kumla;Livskvalitet;Män;58,6707084179532
1881 Kumla;Livskvalitet;Totalt;55,2637291078346
1882 Askersund;Hållbarhet;Kvinnor;39,8191531197191
1882 Askersund;Hållbarhet;Män;43,3594376575002
1882 Askersund;Hållbarhet;Totalt;51,8174707521036
1882 Askersund;Livskvalitet;Kvinnor;51,2754522091788
1882 Askersund;Livskvalitet;Män;57,3657199784925
1882 Askersund;Livskvalitet;Totalt;54,2829287852737
1883 Karlskoga;Hållbarhet;Kvinnor;37,9233051009642
1883 Karlskoga;Hållbarhet;Män;41,9688941295853
1883 Karlskoga;Hållbarhet;Totalt;51,3092382991376
1883 Karlskoga;Livskvalitet;Kvinnor;49,0570185407945
1883 Karlskoga;Livskvalitet;Män;59,8933801781869
1883 Karlskoga;Livskvalitet;Totalt;54,7540839155813
1884 Nora;Hållbarhet;Kvinnor;39,1069645067015
1884 Nora;Hållbarhet;Män;44,8145254060665
1884 Nora;Hållbarhet;Totalt;53,1662829870958
1884 Nora;Livskvalitet;Kvinnor;51,2509605757356
1884 Nora;Livskvalitet;Män;59,7744082412061
1884 Nora;Livskvalitet;Totalt;53,3502635003029
1885 Lindesberg;Hållbarhet;Kvinnor;35,2834908236245
1885 Lindesberg;Hållbarhet;Män;38,9463907192016
1885 Lindesberg;Hållbarhet;Totalt;50,2474496233400
1885 Lindesberg;Livskvalitet;Kvinnor;46,1400978814834
1885 Lindesberg;Livskvalitet;Män;53,4588554502121
1885 Lindesberg;Livskvalitet;Totalt;49,4615346745273
1904 Skinnskatteberg;Hållbarhet;Kvinnor;35,5803070788679
1904 Skinnskatteberg;Hållbarhet;Män;39,4551542476642
1904 Skinnskatteberg;Hållbarhet;Totalt;46,4977426785342
1904 Skinnskatteberg;Livskvalitet;Kvinnor;42,9185544986194
1904 Skinnskatteberg;Livskvalitet;Män;53,0045868461177
1904 Skinnskatteberg;Livskvalitet;Totalt;47,5393214451133
1907 Surahammar;Hållbarhet;Kvinnor;39,4709676220190
1907 Surahammar;Hållbarhet;Män;45,3766427406039
1907 Surahammar;Hållbarhet;Totalt;52,7544197650074
1907 Surahammar;Livskvalitet;Kvinnor;46,9179404988745
1907 Surahammar;Livskvalitet;Män;57,2488689194611
1907 Surahammar;Livskvalitet;Totalt;55,6120562112234
1960 Kungsör;Hållbarhet;Kvinnor;37,5810355586762
1960 Kungsör;Hållbarhet;Män;40,7024276817581
1960 Kungsör;Hållbarhet;Totalt;50,8218737891919
1960 Kungsör;Livskvalitet;Kvinnor;41,0247596722067
1960 Kungsör;Livskvalitet;Män;52,8949386170431
1960 Kungsör;Livskvalitet;Totalt;48,3123368156816
1961 Hallstahammar;Hållbarhet;Kvinnor;32,4972383290887
1961 Hallstahammar;Hållbarhet;Män;37,3849697342287
1961 Hallstahammar;Hållbarhet;Totalt;52,7952692111995
1961 Hallstahammar;Livskvalitet;Kvinnor;46,9201745461925
1961 Hallstahammar;Livskvalitet;Män;57,7248843431537
1961 Hallstahammar;Livskvalitet;Totalt;52,5694693371722
1962 Norberg;Hållbarhet;Kvinnor;37,6062730073683
1962 Norberg;Hållbarhet;Män;37,1629888501608
1962 Norberg;Hållbarhet;Totalt;48,4757794863025
1962 Norberg;Livskvalitet;Kvinnor;45,4510003326426
1962 Norberg;Livskvalitet;Män;56,0328839520082
1962 Norberg;Livskvalitet;Totalt;48,7711027655097
1980 Västerås;Hållbarhet;Kvinnor;43,0329078082495
1980 Västerås;Hållbarhet;Män;47,6574863390499
1980 Västerås;Hållbarhet;Totalt;54,8735853177524
1980 Västerås;Livskvalitet;Kvinnor;50,4087246364359
1980 Västerås;Livskvalitet;Män;61,8448516040679
1980 Västerås;Livskvalitet;Totalt;53,7581458951061
1981 Sala;Hållbarhet;Kvinnor;36,9176912684722
1981 Sala;Hållbarhet;Män;41,4043768881707
1981 Sala;Hållbarhet;Totalt;50,0318950541429
1981 Sala;Livskvalitet;Kvinnor;50,3659738798004
1981 Sala;Livskvalitet;Män;59,3628063526658
1981 Sala;Livskvalitet;Totalt;52,5489838082819
1982 Fagersta;Hållbarhet;Kvinnor;30,3097605484993
1982 Fagersta;Hållbarhet;Män;38,7309592846697
1982 Fagersta;Hållbarhet;Totalt;48,9900953153595
1982 Fagersta;Livskvalitet;Kvinnor;39,6514640663323
1982 Fagersta;Livskvalitet;Män;54,2556261249446
1982 Fagersta;Livskvalitet;Totalt;47,9858535762167
1983 Köping;Hållbarhet;Kvinnor;35,0853389246949
1983 Köping;Hållbarhet;Män;42,5390889764358
1983 Köping;Hållbarhet;Totalt;50,5988890402046
1983 Köping;Livskvalitet;Kvinnor;45,3896886976281
1983 Köping;Livskvalitet;Män;53,0185798267940
1983 Köping;Livskvalitet;Totalt;51,9270653525438
1984 Arboga;Hållbarhet;Kvinnor;40,8255315024067
1984 Arboga;Hållbarhet;Män;46,2718308453369
1984 Arboga;Hållbarhet;Totalt;53,2134735034975
1984 Arboga;Livskvalitet;Kvinnor;44,8382002167888
1984 Arboga;Livskvalitet;Män;56,1669518612263
1984 Arboga;Livskvalitet;Totalt;54,4244856539105
2021 Vansbro;Hållbarhet;Kvinnor;33,1398400217056
2021 Vansbro;Hållbarhet;Män;33,7237187342308
2021 Vansbro;Hållbarhet;Totalt;51,5126313505151
2021 Vansbro;Livskvalitet;Kvinnor;37,3284970937865
2021 Vansbro;Livskvalitet;Män;49,7265904858767
2021 Vansbro;Livskvalitet;Totalt;47,8058439157129
2023 Malung-Sälen;Hållbarhet;Kvinnor;38,7316171220395
2023 Malung-Sälen;Hållbarhet;Män;39,6405878965306
2023 Malung-Sälen;Hållbarhet;Totalt;51,5266748774783
2023 Malung-Sälen;Livskvalitet;Kvinnor;43,0937346754140
2023 Malung-Sälen;Livskvalitet;Män;58,0482635817508
2023 Malung-Sälen;Livskvalitet;Totalt;52,4565733480180
2026 Gagnef;Hållbarhet;Kvinnor;48,9660068774907
2026 Gagnef;Hållbarhet;Män;49,3663086076602
2026 Gagnef;Hållbarhet;Totalt;58,4441605481169
2026 Gagnef;Livskvalitet;Kvinnor;54,5635396841827
2026 Gagnef;Livskvalitet;Män;63,0115891333217
2026 Gagnef;Livskvalitet;Totalt;58,8230698514906
2029 Leksand;Hållbarhet;Kvinnor;49,4725336168583
2029 Leksand;Hållbarhet;Män;46,4088561951350
2029 Leksand;Hållbarhet;Totalt;57,7451054137611
2029 Leksand;Livskvalitet;Kvinnor;56,3453002303471
2029 Leksand;Livskvalitet;Män;63,9280023690477
2029 Leksand;Livskvalitet;Totalt;60,5110716373763
2031 Rättvik;Hållbarhet;Kvinnor;45,1807342218729
2031 Rättvik;Hållbarhet;Män;43,1805898678381
2031 Rättvik;Hållbarhet;Totalt;54,2477309299300
2031 Rättvik;Livskvalitet;Kvinnor;51,5351580802321
2031 Rättvik;Livskvalitet;Män;58,0860167572020
2031 Rättvik;Livskvalitet;Totalt;56,2832251361583
2034 Orsa;Hållbarhet;Kvinnor;35,6223062983886
2034 Orsa;Hållbarhet;Män;34,5541236182166
2034 Orsa;Hållbarhet;Totalt;47,1284209879383
2034 Orsa;Livskvalitet;Kvinnor;44,0452633059585
2034 Orsa;Livskvalitet;Män;53,1724209510713
2034 Orsa;Livskvalitet;Totalt;48,9764063165447
2039 Älvdalen;Hållbarhet;Kvinnor;30,9072390430394
2039 Älvdalen;Hållbarhet;Män;37,2184014504046
2039 Älvdalen;Hållbarhet;Totalt;51,9912936230568
2039 Älvdalen;Livskvalitet;Kvinnor;48,0565181269411
2039 Älvdalen;Livskvalitet;Män;56,7314749723344
2039 Älvdalen;Livskvalitet;Totalt;54,0106833917095
2061 Smedjebacken;Hållbarhet;Kvinnor;36,0349165076269
2061 Smedjebacken;Hållbarhet;Män;45,7742875857465
2061 Smedjebacken;Hållbarhet;Totalt;52,8826054961185
2061 Smedjebacken;Livskvalitet;Kvinnor;49,0413624528698
2061 Smedjebacken;Livskvalitet;Män;59,5659298098673
2061 Smedjebacken;Livskvalitet;Totalt;52,8692994052159
2062 Mora;Hållbarhet;Kvinnor;43,4575838077394
2062 Mora;Hållbarhet;Män;45,6742785914424
2062 Mora;Hållbarhet;Totalt;55,5325727936401
2062 Mora;Livskvalitet;Kvinnor;51,5956735297600
2062 Mora;Livskvalitet;Män;61,0451774851258
2062 Mora;Livskvalitet;Totalt;56,1765257679576
2080 Falun;Hållbarhet;Kvinnor;49,7277876656434
2080 Falun;Hållbarhet;Män;51,9610200078592
2080 Falun;Hållbarhet;Totalt;57,6441418837074
2080 Falun;Livskvalitet;Kvinnor;60,9596503904017
2080 Falun;Livskvalitet;Män;66,4016488355519
2080 Falun;Livskvalitet;Totalt;62,5723850045723
2081 Borlänge;Hållbarhet;Kvinnor;35,7268717576508
2081 Borlänge;Hållbarhet;Män;36,4421561592806
2081 Borlänge;Hållbarhet;Totalt;47,0260622362881
2081 Borlänge;Livskvalitet;Kvinnor;46,6461446917547
2081 Borlänge;Livskvalitet;Män;58,8259562589263
2081 Borlänge;Livskvalitet;Totalt;50,2467447949117
2082 Säter;Hållbarhet;Kvinnor;40,5793189764723
2082 Säter;Hållbarhet;Män;51,2608792272722
2082 Säter;Hållbarhet;Totalt;55,4652895564016
2082 Säter;Livskvalitet;Kvinnor;54,6889514248517
2082 Säter;Livskvalitet;Män;62,1713598001726
2082 Säter;Livskvalitet;Totalt;57,1427479818946
2083 Hedemora;Hållbarhet;Kvinnor;32,7098935604930
2083 Hedemora;Hållbarhet;Män;40,1496159994504
2083 Hedemora;Hållbarhet;Totalt;48,2761720739434
2083 Hedemora;Livskvalitet;Kvinnor;41,9097245278450
2083 Hedemora;Livskvalitet;Män;52,3775881787823
2083 Hedemora;Livskvalitet;Totalt;48,1555377225339
2084 Avesta;Hållbarhet;Kvinnor;35,2880252223905
2084 Avesta;Hållbarhet;Män;36,8623354377267
2084 Avesta;Hållbarhet;Totalt;46,6641461167789
2084 Avesta;Livskvalitet;Kvinnor;45,6217195074260
2084 Avesta;Livskvalitet;Män;52,4380005401906
2084 Avesta;Livskvalitet;Totalt;48,8791867204519
2085 Ludvika;Hållbarhet;Kvinnor;34,6790498656454
2085 Ludvika;Hållbarhet;Män;44,9402866711698
2085 Ludvika;Hållbarhet;Totalt;53,0424042365357
2085 Ludvika;Livskvalitet;Kvinnor;48,4078345460175
2085 Ludvika;Livskvalitet;Män;57,2048231240019
2085 Ludvika;Livskvalitet;Totalt;51,6423629826348
2101 Ockelbo;Hållbarhet;Kvinnor;37,5777251048273
2101 Ockelbo;Hållbarhet;Män;43,2378279220211
2101 Ockelbo;Hållbarhet;Totalt;53,4653270906625
2101 Ockelbo;Livskvalitet;Kvinnor;45,8360039592354
2101 Ockelbo;Livskvalitet;Män;51,4337724386257
2101 Ockelbo;Livskvalitet;Totalt;48,9408944472075
2104 Hofors;Hållbarhet;Kvinnor;40,4411817591017
2104 Hofors;Hållbarhet;Män;46,1157946823021
2104 Hofors;Hållbarhet;Totalt;52,5694668238756
2104 Hofors;Livskvalitet;Kvinnor;44,4621247932218
2104 Hofors;Livskvalitet;Män;58,4149819836938
2104 Hofors;Livskvalitet;Totalt;52,8740541279359
2121 Ovanåker;Hållbarhet;Kvinnor;34,0111433025866
2121 Ovanåker;Hållbarhet;Män;42,7914370780124
2121 Ovanåker;Hållbarhet;Totalt;53,8038635797063
2121 Ovanåker;Livskvalitet;Kvinnor;45,5191547227690
2121 Ovanåker;Livskvalitet;Män;57,3303108506616
2121 Ovanåker;Livskvalitet;Totalt;53,8544853249191
2132 Nordanstig;Hållbarhet;Kvinnor;41,3893511213769
2132 Nordanstig;Hållbarhet;Män;40,4802641698830
2132 Nordanstig;Hållbarhet;Totalt;49,7857298032086
2132 Nordanstig;Livskvalitet;Kvinnor;50,0819830651578
2132 Nordanstig;Livskvalitet;Män;54,1112069158413
2132 Nordanstig;Livskvalitet;Totalt;50,2184780553191
2161 Ljusdal;Hållbarhet;Kvinnor;39,8451536877694
2161 Ljusdal;Hållbarhet;Män;40,3782533160307
2161 Ljusdal;Hållbarhet;Totalt;50,9845046637626
2161 Ljusdal;Livskvalitet;Kvinnor;50,9580116190603
2161 Ljusdal;Livskvalitet;Män;56,1545514685577
2161 Ljusdal;Livskvalitet;Totalt;52,7854859380533
2180 Gävle;Hållbarhet;Kvinnor;42,7231739184715
2180 Gävle;Hållbarhet;Män;44,5330977714474
2180 Gävle;Hållbarhet;Totalt;52,9495690427958
2180 Gävle;Livskvalitet;Kvinnor;53,5379263984503
2180 Gävle;Livskvalitet;Män;61,3078391865870
2180 Gävle;Livskvalitet;Totalt;55,6870298431773
2181 Sandviken;Hållbarhet;Kvinnor;35,6321160504535
2181 Sandviken;Hållbarhet;Män;44,0660888265316
2181 Sandviken;Hållbarhet;Totalt;53,6606365073083
2181 Sandviken;Livskvalitet;Kvinnor;46,8277514356414
2181 Sandviken;Livskvalitet;Män;57,0977445192101
2181 Sandviken;Livskvalitet;Totalt;51,1101655740956
2182 Söderhamn;Hållbarhet;Kvinnor;31,3158409698166
2182 Söderhamn;Hållbarhet;Män;38,7575652601330
2182 Söderhamn;Hållbarhet;Totalt;46,5509049645983
2182 Söderhamn;Livskvalitet;Kvinnor;47,1302887459342
2182 Söderhamn;Livskvalitet;Män;58,5718639282459
2182 Söderhamn;Livskvalitet;Totalt;52,1408492819075
2183 Bollnäs;Hållbarhet;Kvinnor;38,2332474714517
2183 Bollnäs;Hållbarhet;Män;41,6701185644178
2183 Bollnäs;Hållbarhet;Totalt;49,7577550864128
2183 Bollnäs;Livskvalitet;Kvinnor;48,8125762931013
2183 Bollnäs;Livskvalitet;Män;52,4592943222020
2183 Bollnäs;Livskvalitet;Totalt;49,9167417772990
2184 Hudiksvall;Hållbarhet;Kvinnor;42,5829526726504
2184 Hudiksvall;Hållbarhet;Män;45,1153860043995
2184 Hudiksvall;Hållbarhet;Totalt;51,9412147086920
2184 Hudiksvall;Livskvalitet;Kvinnor;56,2862003665793
2184 Hudiksvall;Livskvalitet;Män;64,3102779144870
2184 Hudiksvall;Livskvalitet;Totalt;60,0889027838538
2260 Ånge;Hållbarhet;Kvinnor;28,2354185002230
2260 Ånge;Hållbarhet;Män;41,8651675547428
2260 Ånge;Hållbarhet;Totalt;51,3425896725581
2260 Ånge;Livskvalitet;Kvinnor;52,4479214643180
2260 Ånge;Livskvalitet;Män;55,9405031586261
2260 Ånge;Livskvalitet;Totalt;54,3025395861300
2262 Timrå;Hållbarhet;Kvinnor;36,8132152754882
2262 Timrå;Hållbarhet;Män;41,8465449203559
2262 Timrå;Hållbarhet;Totalt;49,5644119142801
2262 Timrå;Livskvalitet;Kvinnor;50,1547125891932
2262 Timrå;Livskvalitet;Män;62,0883084902101
2262 Timrå;Livskvalitet;Totalt;54,1014956192454
2280 Härnösand;Hållbarhet;Kvinnor;40,6755109458301
2280 Härnösand;Hållbarhet;Män;39,3420006564589
2280 Härnösand;Hållbarhet;Totalt;49,3008582735386
2280 Härnösand;Livskvalitet;Kvinnor;50,8743036075817
2280 Härnösand;Livskvalitet;Män;53,5722694594962
2280 Härnösand;Livskvalitet;Totalt;52,5507563180630
2281 Sundsvall;Hållbarhet;Kvinnor;43,5758884772144
2281 Sundsvall;Hållbarhet;Män;46,5855044784929
2281 Sundsvall;Hållbarhet;Totalt;52,7325372770196
2281 Sundsvall;Livskvalitet;Kvinnor;56,0665253155576
2281 Sundsvall;Livskvalitet;Män;64,2363980829619
2281 Sundsvall;Livskvalitet;Totalt;58,1287069419789
2282 Kramfors;Hållbarhet;Kvinnor;35,1045874418935
2282 Kramfors;Hållbarhet;Män;38,8213404407396
2282 Kramfors;Hållbarhet;Totalt;47,0204069103762
2282 Kramfors;Livskvalitet;Kvinnor;49,6601690350235
2282 Kramfors;Livskvalitet;Män;52,3588052653834
2282 Kramfors;Livskvalitet;Totalt;48,4979500141807
2283 Sollefteå;Hållbarhet;Kvinnor;38,3201307933358
2283 Sollefteå;Hållbarhet;Män;41,6633017682722
2283 Sollefteå;Hållbarhet;Totalt;50,6432423945570
2283 Sollefteå;Livskvalitet;Kvinnor;50,4163952525291
2283 Sollefteå;Livskvalitet;Män;55,6431415359893
2283 Sollefteå;Livskvalitet;Totalt;54,7817457492613
2284 Örnsköldsvik;Hållbarhet;Kvinnor;43,3802429035957
2284 Örnsköldsvik;Hållbarhet;Män;50,0205175588021
2284 Örnsköldsvik;Hållbarhet;Totalt;55,2153540702126
2284 Örnsköldsvik;Livskvalitet;Kvinnor;57,5077777982454
2284 Örnsköldsvik;Livskvalitet;Män;63,0958044941967
2284 Örnsköldsvik;Livskvalitet;Totalt;60,6041804952342
2303 Ragunda;Hållbarhet;Kvinnor;35,6208263895121
2303 Ragunda;Hållbarhet;Män;32,7219723334756
2303 Ragunda;Hållbarhet;Totalt;48,4880060034812
2303 Ragunda;Livskvalitet;Kvinnor;42,3339687736871
2303 Ragunda;Livskvalitet;Män;53,9787090765399
2303 Ragunda;Livskvalitet;Totalt;46,2266049770673
2305 Bräcke;Hållbarhet;Kvinnor;38,7675847914482
2305 Bräcke;Hållbarhet;Män;37,7753289531876
2305 Bräcke;Hållbarhet;Totalt;48,4719516594884
2305 Bräcke;Livskvalitet;Kvinnor;38,9177956999665
2305 Bräcke;Livskvalitet;Män;50,1624054540113
2305 Bräcke;Livskvalitet;Totalt;46,9725711887447
2309 Krokom;Hållbarhet;Kvinnor;49,1376654408199
2309 Krokom;Hållbarhet;Män;51,7499132241215
2309 Krokom;Hållbarhet;Totalt;59,6148964412072
2309 Krokom;Livskvalitet;Kvinnor;55,0438195500689
2309 Krokom;Livskvalitet;Män;65,0770713611561
2309 Krokom;Livskvalitet;Totalt;60,7327315274090
2313 Strömsund;Hållbarhet;Kvinnor;34,5762247635582
2313 Strömsund;Hållbarhet;Män;40,3245431536976
2313 Strömsund;Hållbarhet;Totalt;50,6229540468575
2313 Strömsund;Livskvalitet;Kvinnor;45,2956152449537
2313 Strömsund;Livskvalitet;Män;52,2783598169906
2313 Strömsund;Livskvalitet;Totalt;51,6259092330066
2321 Åre;Hållbarhet;Kvinnor;50,9077505308647
2321 Åre;Hållbarhet;Män;55,5877572097848
2321 Åre;Hållbarhet;Totalt;59,4033450826140
2321 Åre;Livskvalitet;Kvinnor;56,7882040173966
2321 Åre;Livskvalitet;Män;60,8296081104993
2321 Åre;Livskvalitet;Totalt;60,3045415739809
2326 Berg;Hållbarhet;Kvinnor;43,2302037582884
2326 Berg;Hållbarhet;Män;47,8643499502668
2326 Berg;Hållbarhet;Totalt;52,7393391057009
2326 Berg;Livskvalitet;Kvinnor;46,0904263062992
2326 Berg;Livskvalitet;Män;51,6839208636169
2326 Berg;Livskvalitet;Totalt;50,6922348467976
2361 Härjedalen;Hållbarhet;Kvinnor;47,3204542220979
2361 Härjedalen;Hållbarhet;Män;47,7436277512283
2361 Härjedalen;Hållbarhet;Totalt;53,0552951835257
2361 Härjedalen;Livskvalitet;Kvinnor;52,9261150852746
2361 Härjedalen;Livskvalitet;Män;55,5860480268157
2361 Härjedalen;Livskvalitet;Totalt;61,0358014786605
2380 Östersund;Hållbarhet;Kvinnor;44,5030436316305
2380 Östersund;Hållbarhet;Män;48,9098960092777
2380 Östersund;Hållbarhet;Totalt;55,2874008741137
2380 Östersund;Livskvalitet;Kvinnor;55,9283085138518
2380 Östersund;Livskvalitet;Män;63,0355500782092
2380 Östersund;Livskvalitet;Totalt;57,9444673144909
2401 Nordmaling;Hållbarhet;Kvinnor;36,7027201766976
2401 Nordmaling;Hållbarhet;Män;44,9754647367973
2401 Nordmaling;Hållbarhet;Totalt;52,6808835094466
2401 Nordmaling;Livskvalitet;Kvinnor;56,0188630543705
2401 Nordmaling;Livskvalitet;Män;65,7328390865023
2401 Nordmaling;Livskvalitet;Totalt;61,8798134843669
2403 Bjurholm;Hållbarhet;Kvinnor;39,3264840186206
2403 Bjurholm;Hållbarhet;Män;54,4619123399628
2403 Bjurholm;Hållbarhet;Totalt;55,4903578139940
2403 Bjurholm;Livskvalitet;Kvinnor;47,3784818490858
2403 Bjurholm;Livskvalitet;Män;62,5750751922400
2403 Bjurholm;Livskvalitet;Totalt;56,0217842902915
2404 Vindeln;Hållbarhet;Kvinnor;35,3716682540958
2404 Vindeln;Hållbarhet;Män;41,0450467869098
2404 Vindeln;Hållbarhet;Totalt;51,0518268870890
2404 Vindeln;Livskvalitet;Kvinnor;48,4004695206333
2404 Vindeln;Livskvalitet;Män;58,8524446889992
2404 Vindeln;Livskvalitet;Totalt;56,8958273085806
2409 Robertsfors;Hållbarhet;Kvinnor;46,7844800670576
2409 Robertsfors;Hållbarhet;Män;53,2236759976395
2409 Robertsfors;Hållbarhet;Totalt;54,5490696326269
2409 Robertsfors;Livskvalitet;Kvinnor;53,9712665799200
2409 Robertsfors;Livskvalitet;Män;62,9842941402794
2409 Robertsfors;Livskvalitet;Totalt;63,3489652404295
2417 Norsjö;Hållbarhet;Kvinnor;41,8449260990740
2417 Norsjö;Hållbarhet;Män;45,6802552666388
2417 Norsjö;Hållbarhet;Totalt;53,5109898111663
2417 Norsjö;Livskvalitet;Kvinnor;47,0418624684085
2417 Norsjö;Livskvalitet;Män;58,7126770797966
2417 Norsjö;Livskvalitet;Totalt;57,7275118277380
2418 Malå;Hållbarhet;Kvinnor;30,0427850557972
2418 Malå;Hållbarhet;Män;39,6562152952888
2418 Malå;Hållbarhet;Totalt;47,8549172607366
2418 Malå;Livskvalitet;Kvinnor;54,1874547271940
2418 Malå;Livskvalitet;Män;56,5755598482731
2418 Malå;Livskvalitet;Totalt;58,9931915169872
2421 Storuman;Hållbarhet;Kvinnor;30,0283996613776
2421 Storuman;Hållbarhet;Män;44,5863062417176
2421 Storuman;Hållbarhet;Totalt;50,4627537536661
2421 Storuman;Livskvalitet;Kvinnor;52,2146574811900
2421 Storuman;Livskvalitet;Män;60,8369046750839
2421 Storuman;Livskvalitet;Totalt;60,2200699895112
2422 Sorsele;Hållbarhet;Kvinnor;38,8072557499382
2422 Sorsele;Hållbarhet;Män;41,3693506517260
2422 Sorsele;Hållbarhet;Totalt;53,5571153788040
2422 Sorsele;Livskvalitet;Kvinnor;47,4548984669116
2422 Sorsele;Livskvalitet;Män;53,0977603168942
2422 Sorsele;Livskvalitet;Totalt;56,2545931215076
2425 Dorotea;Hållbarhet;Kvinnor;38,6754822704073
2425 Dorotea;Hållbarhet;Män;42,1625325890900
2425 Dorotea;Hållbarhet;Totalt;47,3313717124213
2425 Dorotea;Livskvalitet;Kvinnor;47,7553525711060
2425 Dorotea;Livskvalitet;Män;58,0593069925953
2425 Dorotea;Livskvalitet;Totalt;57,1039470977699
2460 Vännäs;Hållbarhet;Kvinnor;40,4768349308413
2460 Vännäs;Hållbarhet;Män;43,9931521043523
2460 Vännäs;Hållbarhet;Totalt;53,4062412394473
2460 Vännäs;Livskvalitet;Kvinnor;53,2476102336800
2460 Vännäs;Livskvalitet;Män;64,4071047449956
2460 Vännäs;Livskvalitet;Totalt;60,0262149196677
2462 Vilhelmina;Hållbarhet;Kvinnor;30,7712264373299
2462 Vilhelmina;Hållbarhet;Män;42,4816074667479
2462 Vilhelmina;Hållbarhet;Totalt;49,5320784366680
2462 Vilhelmina;Livskvalitet;Kvinnor;53,4724909889025
2462 Vilhelmina;Livskvalitet;Män;51,0636891923580
2462 Vilhelmina;Livskvalitet;Totalt;56,2316222382025
2463 Åsele;Hållbarhet;Kvinnor;39,5502460423319
2463 Åsele;Hållbarhet;Män;43,9019577472610
2463 Åsele;Hållbarhet;Totalt;52,9129531891921
2463 Åsele;Livskvalitet;Kvinnor;54,5957904275398
2463 Åsele;Livskvalitet;Män;52,3109545853152
2463 Åsele;Livskvalitet;Totalt;58,8613621045842
2480 Umeå;Hållbarhet;Kvinnor;46,0659221012341
2480 Umeå;Hållbarhet;Män;51,7301874007657
2480 Umeå;Hållbarhet;Totalt;56,1803809492600
2480 Umeå;Livskvalitet;Kvinnor;62,7172831846731
2480 Umeå;Livskvalitet;Män;69,0959235015414
2480 Umeå;Livskvalitet;Totalt;65,5373339864891
2481 Lycksele;Hållbarhet;Kvinnor;33,6642144115122
2481 Lycksele;Hållbarhet;Män;35,8684197774998
2481 Lycksele;Hållbarhet;Totalt;49,5962265391739
2481 Lycksele;Livskvalitet;Kvinnor;56,1027981961221
2481 Lycksele;Livskvalitet;Män;58,3170550644759
2481 Lycksele;Livskvalitet;Totalt;58,8996874554324
2482 Skellefteå;Hållbarhet;Kvinnor;43,9106710950730
2482 Skellefteå;Hållbarhet;Män;50,3496126792885
2482 Skellefteå;Hållbarhet;Totalt;55,4912730758007
2482 Skellefteå;Livskvalitet;Kvinnor;60,0479911441456
2482 Skellefteå;Livskvalitet;Män;68,5289663712802
2482 Skellefteå;Livskvalitet;Totalt;64,9813269587535
2505 Arvidsjaur;Hållbarhet;Kvinnor;45,3084633408047
2505 Arvidsjaur;Hållbarhet;Män;48,0171888201736
2505 Arvidsjaur;Hållbarhet;Totalt;55,1424307748200
2505 Arvidsjaur;Livskvalitet;Kvinnor;52,5198027348993
2505 Arvidsjaur;Livskvalitet;Män;59,6760175970437
2505 Arvidsjaur;Livskvalitet;Totalt;63,2228522513870
2506 Arjeplog;Hållbarhet;Kvinnor;47,1756163950136
2506 Arjeplog;Hållbarhet;Män;45,0423608975667
2506 Arjeplog;Hållbarhet;Totalt;55,0562106796431
2506 Arjeplog;Livskvalitet;Kvinnor;58,6372914075347
2506 Arjeplog;Livskvalitet;Män;52,6720176384240
2506 Arjeplog;Livskvalitet;Totalt;62,1805686154153
2510 Jokkmokk;Hållbarhet;Kvinnor;37,4088309378718
2510 Jokkmokk;Hållbarhet;Män;44,8422077588142
2510 Jokkmokk;Hållbarhet;Totalt;53,7274399815718
2510 Jokkmokk;Livskvalitet;Kvinnor;55,3105628512975
2510 Jokkmokk;Livskvalitet;Män;55,2760744023352
2510 Jokkmokk;Livskvalitet;Totalt;62,5750001782531
2513 Överkalix;Hållbarhet;Kvinnor;28,6380631635577
2513 Överkalix;Hållbarhet;Män;34,2899596820293
2513 Överkalix;Hållbarhet;Totalt;44,9115108275923
2513 Överkalix;Livskvalitet;Kvinnor;54,1458935732407
2513 Överkalix;Livskvalitet;Män;48,0315652315876
2513 Överkalix;Livskvalitet;Totalt;53,0628953047094
2514 Kalix;Hållbarhet;Kvinnor;34,9249174357795
2514 Kalix;Hållbarhet;Män;34,9103134761119
2514 Kalix;Hållbarhet;Totalt;47,9343019377341
2514 Kalix;Livskvalitet;Kvinnor;58,2530424808228
2514 Kalix;Livskvalitet;Män;60,1992584406486
2514 Kalix;Livskvalitet;Totalt;60,2906926766823
2518 Övertorneå;Hållbarhet;Kvinnor;34,2858573200553
2518 Övertorneå;Hållbarhet;Män;42,5490657657036
2518 Övertorneå;Hållbarhet;Totalt;50,3825826034586
2518 Övertorneå;Livskvalitet;Kvinnor;54,2357708399407
2518 Övertorneå;Livskvalitet;Män;51,3592201688853
2518 Övertorneå;Livskvalitet;Totalt;57,6536024071537
2521 Pajala;Hållbarhet;Kvinnor;38,5193843111189
2521 Pajala;Hållbarhet;Män;51,0336373813164
2521 Pajala;Hållbarhet;Totalt;53,3030494443038
2521 Pajala;Livskvalitet;Kvinnor;53,7449940065115
2521 Pajala;Livskvalitet;Män;52,6694734451788
2521 Pajala;Livskvalitet;Totalt;56,4529260343426
2523 Gällivare;Hållbarhet;Kvinnor;48,2679857598394
2523 Gällivare;Hållbarhet;Män;49,6128859504538
2523 Gällivare;Hållbarhet;Totalt;53,6001689971025
2523 Gällivare;Livskvalitet;Kvinnor;59,9049200285742
2523 Gällivare;Livskvalitet;Män;68,3464927368207
2523 Gällivare;Livskvalitet;Totalt;65,0142281449201
2560 Älvsbyn;Hållbarhet;Kvinnor;38,7840803251928
2560 Älvsbyn;Hållbarhet;Män;40,6404257491808
2560 Älvsbyn;Hållbarhet;Totalt;50,8299864613831
2560 Älvsbyn;Livskvalitet;Kvinnor;48,8023950061579
2560 Älvsbyn;Livskvalitet;Män;53,8987496414931
2560 Älvsbyn;Livskvalitet;Totalt;57,5393056513208
2580 Luleå;Hållbarhet;Kvinnor;46,0445877028948
2580 Luleå;Hållbarhet;Män;50,4054755527290
2580 Luleå;Hållbarhet;Totalt;51,9467670305676
2580 Luleå;Livskvalitet;Kvinnor;63,1041860438580
2580 Luleå;Livskvalitet;Män;67,6915551948664
2580 Luleå;Livskvalitet;Totalt;65,1672544758750
2581 Piteå;Hållbarhet;Kvinnor;42,2725716757314
2581 Piteå;Hållbarhet;Män;48,5975089618161
2581 Piteå;Hållbarhet;Totalt;53,8149165952795
2581 Piteå;Livskvalitet;Kvinnor;61,5579326849543
2581 Piteå;Livskvalitet;Män;67,8733802390885
2581 Piteå;Livskvalitet;Totalt;64,7962567589135
2582 Boden;Hållbarhet;Kvinnor;40,3244441290853
2582 Boden;Hållbarhet;Män;44,1442355946436
2582 Boden;Hållbarhet;Totalt;50,4142173843248
2582 Boden;Livskvalitet;Kvinnor;59,8409002383508
2582 Boden;Livskvalitet;Män;62,0530558102095
2582 Boden;Livskvalitet;Totalt;61,2194088254619
2583 Haparanda;Hållbarhet;Kvinnor;26,3349958000791
2583 Haparanda;Hållbarhet;Män;24,4699977205361
2583 Haparanda;Hållbarhet;Totalt;44,7859883756490
2583 Haparanda;Livskvalitet;Kvinnor;46,7671883294235
2583 Haparanda;Livskvalitet;Män;45,5953739682236
2583 Haparanda;Livskvalitet;Totalt;50,3463394934616
2584 Kiruna;Hållbarhet;Kvinnor;45,2689089040139
2584 Kiruna;Hållbarhet;Män;47,4709815913969
2584 Kiruna;Hållbarhet;Totalt;48,8164545796758
2584 Kiruna;Livskvalitet;Kvinnor;66,0097127585800
2584 Kiruna;Livskvalitet;Män;64,5516905055119
2584 Kiruna;Livskvalitet;Totalt;68,0463586988175
