Region;Del;Kon;Tema;Varde_stand
00 Riket;Hållbarhet;Kvinnor;Ekonomi;1,1457677768813153
00 Riket;Hållbarhet;Kvinnor;Social;59,6681766348797140
00 Riket;Hållbarhet;Män;Ekonomi;70,4863378654112580
00 Riket;Hållbarhet;Män;Social;44,5086352279846196
00 Riket;Hållbarhet;Totalt;Ekonomi;29,5044222037429904
00 Riket;Hållbarhet;Totalt;Miljö;58,0344192942465753
00 Riket;Hållbarhet;Totalt;Social;56,2756246709555157
00 Riket;Livskvalitet;Kvinnor;T1;87,6984126984126959
00 Riket;Livskvalitet;Kvinnor;T10;89,0924024971752999
00 Riket;Livskvalitet;Kvinnor;T11;75,1993507877082124
00 Riket;Livskvalitet;Kvinnor;T12;36,7282035512124452
00 Riket;Livskvalitet;Kvinnor;T2;-20,7117255504352258
00 Riket;Livskvalitet;Kvinnor;T3;58,3638583638583697
00 Riket;Livskvalitet;Kvinnor;T4;40,6370656370656320
00 Riket;Livskvalitet;Kvinnor;T5;13,0604822001592442
00 Riket;Livskvalitet;Kvinnor;T6;56,7279638823873782
00 Riket;Livskvalitet;Kvinnor;T7;62,2069632020259462
00 Riket;Livskvalitet;Kvinnor;T8;-14,2341062186261240
00 Riket;Livskvalitet;Kvinnor;T9;64,3362975761989304
00 Riket;Livskvalitet;Män;T1;32,8571428571428541
00 Riket;Livskvalitet;Män;T10;31,9378383524298854
00 Riket;Livskvalitet;Män;T11;12,6418386767874775
00 Riket;Livskvalitet;Män;T12;61,8389369141582108
00 Riket;Livskvalitet;Män;T2;122,4270353302611340
00 Riket;Livskvalitet;Män;T3;61,2942612942612968
00 Riket;Livskvalitet;Män;T4;35,4890604890604919
00 Riket;Livskvalitet;Män;T5;66,6016988671884747
00 Riket;Livskvalitet;Män;T6;54,8375066263029751
00 Riket;Livskvalitet;Män;T7;46,9769207992159821
00 Riket;Livskvalitet;Män;T8;115,0909811108052594
00 Riket;Livskvalitet;Män;T9;28,7337344012816658
00 Riket;Livskvalitet;Totalt;T1;56,0975853628508005
00 Riket;Livskvalitet;Totalt;T10;59,5314117020619875
00 Riket;Livskvalitet;Totalt;T11;43,3774787346754920
00 Riket;Livskvalitet;Totalt;T12;49,4169599435086724
00 Riket;Livskvalitet;Totalt;T2;52,0225294418842736
00 Riket;Livskvalitet;Totalt;T3;54,8459915415972787
00 Riket;Livskvalitet;Totalt;T4;49,4045742433529611
00 Riket;Livskvalitet;Totalt;T5;49,5333997967482773
00 Riket;Livskvalitet;Totalt;T6;47,6114081289199547
00 Riket;Livskvalitet;Totalt;T7;54,6349254453409188
00 Riket;Livskvalitet;Totalt;T8;50,7609708738430854
00 Riket;Livskvalitet;Totalt;T9;47,4797930993207586
01 Stockholms län;Hållbarhet;Kvinnor;Ekonomi;57,4222566046260141
01 Stockholms län;Hållbarhet;Kvinnor;Social;69,1802772751346566
01 Stockholms län;Hållbarhet;Män;Ekonomi;133,8459992136788514
01 Stockholms län;Hållbarhet;Män;Social;61,0817536723772037
01 Stockholms län;Hållbarhet;Totalt;Ekonomi;83,4467062894922265
01 Stockholms län;Hållbarhet;Totalt;Miljö;78,4283636161382844
01 Stockholms län;Hållbarhet;Totalt;Social;52,8690715682389794
01 Stockholms län;Livskvalitet;Kvinnor;T1;36,6666666666666643
01 Stockholms län;Livskvalitet;Kvinnor;T10;127,4228168537166397
01 Stockholms län;Livskvalitet;Kvinnor;T11;87,1724760730368189
01 Stockholms län;Livskvalitet;Kvinnor;T12;53,0097464721358449
01 Stockholms län;Livskvalitet;Kvinnor;T2;-31,1827956989247141
01 Stockholms län;Livskvalitet;Kvinnor;T3;102,5641025641025834
01 Stockholms län;Livskvalitet;Kvinnor;T4;101,0135135135135158
01 Stockholms län;Livskvalitet;Kvinnor;T5;35,6662622998164593
01 Stockholms län;Livskvalitet;Kvinnor;T6;43,8913051930476428
01 Stockholms län;Livskvalitet;Kvinnor;T7;32,0995235195297539
01 Stockholms län;Livskvalitet;Kvinnor;T8;13,0683710561643540
01 Stockholms län;Livskvalitet;Kvinnor;T9;100,4037227589571160
01 Stockholms län;Livskvalitet;Män;T1;-36,6666666666666643
01 Stockholms län;Livskvalitet;Män;T10;64,2779606409121840
01 Stockholms län;Livskvalitet;Män;T11;-7,8644272409739466
01 Stockholms län;Livskvalitet;Män;T12;66,3894403252811571
01 Stockholms län;Livskvalitet;Män;T2;116,6666666666666572
01 Stockholms län;Livskvalitet;Män;T3;79,4871794871794890
01 Stockholms län;Livskvalitet;Män;T4;98,6486486486486314
01 Stockholms län;Livskvalitet;Män;T5;87,8426819089847157
01 Stockholms län;Livskvalitet;Män;T6;35,8809932976765609
01 Stockholms län;Livskvalitet;Män;T7;18,5094189608777064
01 Stockholms län;Livskvalitet;Män;T8;118,1829698632824091
01 Stockholms län;Livskvalitet;Män;T9;65,3464552857412428
01 Stockholms län;Livskvalitet;Totalt;T1;9,0277777791666658
01 Stockholms län;Livskvalitet;Totalt;T10;95,3549753227331394
01 Stockholms län;Livskvalitet;Totalt;T11;38,8774010145737918
01 Stockholms län;Livskvalitet;Totalt;T12;59,1995933987085294
01 Stockholms län;Livskvalitet;Totalt;T2;43,5483870967741993
01 Stockholms län;Livskvalitet;Totalt;T3;70,0373248457350286
01 Stockholms län;Livskvalitet;Totalt;T4;100,0000000000000000
01 Stockholms län;Livskvalitet;Totalt;T5;47,2447839046199718
01 Stockholms län;Livskvalitet;Totalt;T6;42,0528591607849478
01 Stockholms län;Livskvalitet;Totalt;T7;25,3455266685973832
01 Stockholms län;Livskvalitet;Totalt;T8;65,3861950171944102
01 Stockholms län;Livskvalitet;Totalt;T9;84,1390349564827602
03 Uppsala län;Hållbarhet;Kvinnor;Ekonomi;3,1089013631833975
03 Uppsala län;Hållbarhet;Kvinnor;Social;85,7341613316237527
03 Uppsala län;Hållbarhet;Män;Ekonomi;68,4746491303454690
03 Uppsala län;Hållbarhet;Män;Social;56,5620630927388461
03 Uppsala län;Hållbarhet;Totalt;Ekonomi;40,5618131824342356
03 Uppsala län;Hållbarhet;Totalt;Miljö;69,5325101640620318
03 Uppsala län;Hållbarhet;Totalt;Social;67,6400110190443797
03 Uppsala län;Livskvalitet;Kvinnor;T1;110,0000000000000000
03 Uppsala län;Livskvalitet;Kvinnor;T10;120,4961842210226877
03 Uppsala län;Livskvalitet;Kvinnor;T11;84,3492584058967054
03 Uppsala län;Livskvalitet;Kvinnor;T12;34,3756876345372930
03 Uppsala län;Livskvalitet;Kvinnor;T2;-47,8494623655913855
03 Uppsala län;Livskvalitet;Kvinnor;T3;30,7692307692307772
03 Uppsala län;Livskvalitet;Kvinnor;T4;64,5270270270270458
03 Uppsala län;Livskvalitet;Kvinnor;T5;17,5191076923243045
03 Uppsala län;Livskvalitet;Kvinnor;T6;48,5035124954486179
03 Uppsala län;Livskvalitet;Kvinnor;T7;50,3006369196091470
03 Uppsala län;Livskvalitet;Kvinnor;T8;-21,4165013291704227
03 Uppsala län;Livskvalitet;Kvinnor;T9;79,8885402921042953
03 Uppsala län;Livskvalitet;Män;T1;36,6666666666666643
03 Uppsala län;Livskvalitet;Män;T10;62,7637663739547307
03 Uppsala län;Livskvalitet;Män;T11;22,3958159535218044
03 Uppsala län;Livskvalitet;Män;T12;40,2727218368811890
03 Uppsala län;Livskvalitet;Män;T2;115,0537634408601946
03 Uppsala län;Livskvalitet;Män;T3;46,1538461538461604
03 Uppsala län;Livskvalitet;Män;T4;59,7972972972972912
03 Uppsala län;Livskvalitet;Män;T5;72,4332186299370449
03 Uppsala län;Livskvalitet;Män;T6;32,9635391875362913
03 Uppsala län;Livskvalitet;Män;T7;37,7789053102105896
03 Uppsala län;Livskvalitet;Män;T8;109,8869438887787737
03 Uppsala län;Livskvalitet;Män;T9;38,1361877136394440
03 Uppsala län;Livskvalitet;Totalt;T1;67,1108349346072970
03 Uppsala län;Livskvalitet;Totalt;T10;91,1209130538248075
03 Uppsala län;Livskvalitet;Totalt;T11;53,4720572424381615
03 Uppsala län;Livskvalitet;Totalt;T12;37,8242047357092872
03 Uppsala län;Livskvalitet;Totalt;T2;33,3333333333333286
03 Uppsala län;Livskvalitet;Totalt;T3;30,0004133152143737
03 Uppsala län;Livskvalitet;Totalt;T4;59,7411555763496338
03 Uppsala län;Livskvalitet;Totalt;T5;48,7842476501820954
03 Uppsala län;Livskvalitet;Totalt;T6;46,2465922625204300
03 Uppsala län;Livskvalitet;Totalt;T7;44,1618680415893650
03 Uppsala län;Livskvalitet;Totalt;T8;43,4572325874585914
03 Uppsala län;Livskvalitet;Totalt;T9;59,7717336267709030
04 Södermanlands län;Hållbarhet;Kvinnor;Ekonomi;-14,4308289253185755
04 Södermanlands län;Hållbarhet;Kvinnor;Social;54,5007300317370920
04 Södermanlands län;Hållbarhet;Män;Ekonomi;45,1761314513464995
04 Södermanlands län;Hållbarhet;Män;Social;53,5158978028192678
04 Södermanlands län;Hållbarhet;Totalt;Ekonomi;12,9320875968160554
04 Södermanlands län;Hållbarhet;Totalt;Miljö;56,4243163704641120
04 Södermanlands län;Hållbarhet;Totalt;Social;46,7230848283029658
04 Södermanlands län;Livskvalitet;Kvinnor;T1;55,0000000000000000
04 Södermanlands län;Livskvalitet;Kvinnor;T10;34,2434229016749683
04 Södermanlands län;Livskvalitet;Kvinnor;T11;29,7902046750072032
04 Södermanlands län;Livskvalitet;Kvinnor;T12;-14,0114207127481301
04 Södermanlands län;Livskvalitet;Kvinnor;T2;-46,7741935483871103
04 Södermanlands län;Livskvalitet;Kvinnor;T3;117,9487179487179560
04 Södermanlands län;Livskvalitet;Kvinnor;T4;59,4594594594594739
04 Södermanlands län;Livskvalitet;Kvinnor;T5;-3,2320337191331898
04 Södermanlands län;Livskvalitet;Kvinnor;T6;21,7169876687786605
04 Södermanlands län;Livskvalitet;Kvinnor;T7;32,4982461719166480
04 Södermanlands län;Livskvalitet;Kvinnor;T8;-11,1560411358328260
04 Södermanlands län;Livskvalitet;Kvinnor;T9;26,2947366681144885
04 Södermanlands län;Livskvalitet;Män;T1;8,3333333333333321
04 Södermanlands län;Livskvalitet;Män;T10;-33,1379358744483739
04 Södermanlands län;Livskvalitet;Män;T11;-15,1079243667713374
04 Södermanlands län;Livskvalitet;Män;T12;70,2642908395120855
04 Södermanlands län;Livskvalitet;Män;T2;125,2688172043010724
04 Södermanlands län;Livskvalitet;Män;T3;84,6153846153846274
04 Södermanlands län;Livskvalitet;Män;T4;55,0675675675675436
04 Södermanlands län;Livskvalitet;Män;T5;45,2791277312093783
04 Södermanlands län;Livskvalitet;Män;T6;33,6785886433863269
04 Södermanlands län;Livskvalitet;Män;T7;15,1341648555527915
04 Södermanlands län;Livskvalitet;Män;T8;113,4004082525035670
04 Södermanlands län;Livskvalitet;Män;T9;19,9100366079296940
04 Södermanlands län;Livskvalitet;Totalt;T1;42,1264724833288966
04 Södermanlands län;Livskvalitet;Totalt;T10;0,0000000000000000
04 Södermanlands län;Livskvalitet;Totalt;T11;6,8908469904035625
04 Södermanlands län;Livskvalitet;Totalt;T12;28,6525950729491257
04 Södermanlands län;Livskvalitet;Totalt;T2;39,7849462365591293
04 Södermanlands län;Livskvalitet;Totalt;T3;71,3046887615667657
04 Södermanlands län;Livskvalitet;Totalt;T4;58,3594232031970037
04 Södermanlands län;Livskvalitet;Totalt;T5;22,7730530138821941
04 Södermanlands län;Livskvalitet;Totalt;T6;24,0309079703192410
04 Södermanlands län;Livskvalitet;Totalt;T7;23,9124965626085562
04 Södermanlands län;Livskvalitet;Totalt;T8;50,9596385800659135
04 Södermanlands län;Livskvalitet;Totalt;T9;24,3666630929658972
05 Östergötlands län;Hållbarhet;Kvinnor;Ekonomi;-8,3414510869318530
05 Östergötlands län;Hållbarhet;Kvinnor;Social;58,7461590634466901
05 Östergötlands län;Hållbarhet;Män;Ekonomi;64,3185556435542480
05 Östergötlands län;Hållbarhet;Män;Social;54,1519474588804144
05 Östergötlands län;Hållbarhet;Totalt;Ekonomi;53,1618519894144868
05 Östergötlands län;Hållbarhet;Totalt;Miljö;56,0271987233658919
05 Östergötlands län;Hållbarhet;Totalt;Social;63,5004454837189272
05 Östergötlands län;Livskvalitet;Kvinnor;T1;91,6666666666666714
05 Östergötlands län;Livskvalitet;Kvinnor;T10;83,2661270642786917
05 Östergötlands län;Livskvalitet;Kvinnor;T11;100,6929290782525612
05 Östergötlands län;Livskvalitet;Kvinnor;T12;24,2255441281990187
05 Östergötlands län;Livskvalitet;Kvinnor;T2;-61,2903225806451530
05 Östergötlands län;Livskvalitet;Kvinnor;T3;82,0512820512820440
05 Östergötlands län;Livskvalitet;Kvinnor;T4;47,2972972972972840
05 Östergötlands län;Livskvalitet;Kvinnor;T5;9,5033392604601605
05 Östergötlands län;Livskvalitet;Kvinnor;T6;52,2027181536228539
05 Östergötlands län;Livskvalitet;Kvinnor;T7;66,8183735316430045
05 Östergötlands län;Livskvalitet;Kvinnor;T8;20,7975839951941417
05 Östergötlands län;Livskvalitet;Kvinnor;T9;72,0643101133858437
05 Östergötlands län;Livskvalitet;Män;T1;45,0000000000000000
05 Östergötlands län;Livskvalitet;Män;T10;26,5471719007335132
05 Östergötlands län;Livskvalitet;Män;T11;30,0445536892358867
05 Östergötlands län;Livskvalitet;Män;T12;49,6979191580961768
05 Östergötlands län;Livskvalitet;Män;T2;89,2473118279569917
05 Östergötlands län;Livskvalitet;Män;T3;51,2820512820512988
05 Östergötlands län;Livskvalitet;Män;T4;44,2567567567567721
05 Östergötlands län;Livskvalitet;Män;T5;67,2463635327876261
05 Östergötlands län;Livskvalitet;Män;T6;51,7573814692365417
05 Östergötlands län;Livskvalitet;Män;T7;50,5234555383223309
05 Östergötlands län;Livskvalitet;Män;T8;126,3762175548576607
05 Östergötlands län;Livskvalitet;Män;T9;37,2114277754105416
05 Östergötlands län;Livskvalitet;Totalt;T1;53,4213802300101932
05 Östergötlands län;Livskvalitet;Totalt;T10;53,6441842062126071
05 Östergötlands län;Livskvalitet;Totalt;T11;64,6080064144963160
05 Östergötlands län;Livskvalitet;Totalt;T12;36,4034321932552416
05 Östergötlands län;Livskvalitet;Totalt;T2;15,5913978494623571
05 Östergötlands län;Livskvalitet;Totalt;T3;61,6086379379030475
05 Östergötlands län;Livskvalitet;Totalt;T4;60,3370825551389345
05 Östergötlands län;Livskvalitet;Totalt;T5;44,4126966835613644
05 Östergötlands län;Livskvalitet;Totalt;T6;44,1676107453182922
05 Östergötlands län;Livskvalitet;Totalt;T7;58,6185915864140838
05 Östergötlands län;Livskvalitet;Totalt;T8;74,0248833783201121
05 Östergötlands län;Livskvalitet;Totalt;T9;55,5195879694911909
06 Jönköpings län;Hållbarhet;Kvinnor;Ekonomi;-4,3171684743791401
06 Jönköpings län;Hållbarhet;Kvinnor;Social;62,1429232969912988
06 Jönköpings län;Hållbarhet;Män;Ekonomi;74,6906486275257180
06 Jönköpings län;Hållbarhet;Män;Social;42,9315098278537022
06 Jönköpings län;Hållbarhet;Totalt;Ekonomi;25,0812225361070205
06 Jönköpings län;Hållbarhet;Totalt;Miljö;60,2253383790836452
06 Jönköpings län;Hållbarhet;Totalt;Social;57,9493504657995118
06 Jönköpings län;Livskvalitet;Kvinnor;T1;81,6666666666666714
06 Jönköpings län;Livskvalitet;Kvinnor;T10;79,0740378592323623
06 Jönköpings län;Livskvalitet;Kvinnor;T11;70,7894467436491652
06 Jönköpings län;Livskvalitet;Kvinnor;T12;56,1109782348720287
06 Jönköpings län;Livskvalitet;Kvinnor;T2;-30,6451612903225907
06 Jönköpings län;Livskvalitet;Kvinnor;T3;58,9743589743589851
06 Jönköpings län;Livskvalitet;Kvinnor;T4;31,0810810810810807
06 Jönköpings län;Livskvalitet;Kvinnor;T5;22,3766651012464024
06 Jönköpings län;Livskvalitet;Kvinnor;T6;67,1201380743853520
06 Jönköpings län;Livskvalitet;Kvinnor;T7;63,3031077994511833
06 Jönköpings län;Livskvalitet;Kvinnor;T8;1,6152332535763065
06 Jönköpings län;Livskvalitet;Kvinnor;T9;70,1617537423202293
06 Jönköpings län;Livskvalitet;Män;T1;26,6666666666666643
06 Jönköpings län;Livskvalitet;Män;T10;20,6491822657577977
06 Jönköpings län;Livskvalitet;Män;T11;-5,9267245446757313
06 Jönköpings län;Livskvalitet;Män;T12;78,8319779956948850
06 Jönköpings län;Livskvalitet;Män;T2;122,0430107526881471
06 Jönköpings län;Livskvalitet;Män;T3;82,0512820512820440
06 Jönköpings län;Livskvalitet;Män;T4;27,0270270270270174
06 Jönköpings län;Livskvalitet;Män;T5;101,6397635445219692
06 Jönköpings län;Livskvalitet;Män;T6;81,9043198303245532
06 Jönköpings län;Livskvalitet;Män;T7;53,1474486140980105
06 Jönköpings län;Livskvalitet;Män;T8;117,1686728524344829
06 Jönköpings län;Livskvalitet;Män;T9;56,0825184761018249
06 Jönköpings län;Livskvalitet;Totalt;T1;43,5838521121592777
06 Jönköpings län;Livskvalitet;Totalt;T10;48,5383646257614814
06 Jönköpings län;Livskvalitet;Totalt;T11;31,7439888688938048
06 Jönköpings län;Livskvalitet;Totalt;T12;67,6927170533365654
06 Jönköpings län;Livskvalitet;Totalt;T2;47,8494623655913855
06 Jönköpings län;Livskvalitet;Totalt;T3;61,7855456145036186
06 Jönköpings län;Livskvalitet;Totalt;T4;54,4563909626213203
06 Jönköpings län;Livskvalitet;Totalt;T5;75,1001634651250214
06 Jönköpings län;Livskvalitet;Totalt;T6;57,1006384949956072
06 Jönköpings län;Livskvalitet;Totalt;T7;58,2100653545396014
06 Jönköpings län;Livskvalitet;Totalt;T8;60,1573754145356645
06 Jönköpings län;Livskvalitet;Totalt;T9;64,0352372321267893
07 Kronobergs län;Hållbarhet;Kvinnor;Ekonomi;-15,0727109425158652
07 Kronobergs län;Hållbarhet;Kvinnor;Social;78,3503435484784916
07 Kronobergs län;Hållbarhet;Män;Ekonomi;73,4742526764720623
07 Kronobergs län;Hållbarhet;Män;Social;37,0059040213540200
07 Kronobergs län;Hållbarhet;Totalt;Ekonomi;29,0311487182510568
07 Kronobergs län;Hållbarhet;Totalt;Miljö;64,6180417118004442
07 Kronobergs län;Hållbarhet;Totalt;Social;62,2059602694769467
07 Kronobergs län;Livskvalitet;Kvinnor;T1;73,3333333333333286
07 Kronobergs län;Livskvalitet;Kvinnor;T10;84,6592490692380437
07 Kronobergs län;Livskvalitet;Kvinnor;T11;88,4709516848750326
07 Kronobergs län;Livskvalitet;Kvinnor;T12;40,6728653432193639
07 Kronobergs län;Livskvalitet;Kvinnor;T2;-7,5268817204300991
07 Kronobergs län;Livskvalitet;Kvinnor;T3;33,3333333333333428
07 Kronobergs län;Livskvalitet;Kvinnor;T4;23,9864864864865091
07 Kronobergs län;Livskvalitet;Kvinnor;T5;-26,0308105698426360
07 Kronobergs län;Livskvalitet;Kvinnor;T6;35,0153521006677195
07 Kronobergs län;Livskvalitet;Kvinnor;T7;33,1044059530886585
07 Kronobergs län;Livskvalitet;Kvinnor;T8;-15,1735890462461391
07 Kronobergs län;Livskvalitet;Kvinnor;T9;63,0596494478365983
07 Kronobergs län;Livskvalitet;Män;T1;26,6666666666666643
07 Kronobergs län;Livskvalitet;Män;T10;34,3266621855007372
07 Kronobergs län;Livskvalitet;Män;T11;43,0290171702737538
07 Kronobergs län;Livskvalitet;Män;T12;106,8734154508491514
07 Kronobergs län;Livskvalitet;Män;T2;73,1182795698924792
07 Kronobergs län;Livskvalitet;Män;T3;58,9743589743589851
07 Kronobergs län;Livskvalitet;Män;T4;20,2702702702702631
07 Kronobergs län;Livskvalitet;Män;T5;47,9443063742623536
07 Kronobergs län;Livskvalitet;Män;T6;51,8846865643261097
07 Kronobergs län;Livskvalitet;Män;T7;18,6793385399888869
07 Kronobergs län;Livskvalitet;Män;T8;113,8619910380606655
07 Kronobergs län;Livskvalitet;Män;T9;51,5232900273573762
07 Kronobergs län;Livskvalitet;Totalt;T1;51,9008981474923985
07 Kronobergs län;Livskvalitet;Totalt;T10;58,4067300963697278
07 Kronobergs län;Livskvalitet;Totalt;T11;64,8939029345348359
07 Kronobergs län;Livskvalitet;Totalt;T12;74,9943793350873591
07 Kronobergs län;Livskvalitet;Totalt;T2;33,8709677419354875
07 Kronobergs län;Livskvalitet;Totalt;T3;43,7555834246263515
07 Kronobergs län;Livskvalitet;Totalt;T4;42,5757464692973073
07 Kronobergs län;Livskvalitet;Totalt;T5;16,4882276553906522
07 Kronobergs län;Livskvalitet;Totalt;T6;34,4731773180243906
07 Kronobergs län;Livskvalitet;Totalt;T7;25,8150862206868510
07 Kronobergs län;Livskvalitet;Totalt;T8;50,5072506707151447
07 Kronobergs län;Livskvalitet;Totalt;T9;58,8557802397377401
08 Kalmar län;Hållbarhet;Kvinnor;Ekonomi;-7,5088983235874007
08 Kalmar län;Hållbarhet;Kvinnor;Social;53,4552349729794969
08 Kalmar län;Hållbarhet;Män;Ekonomi;63,4914800186047259
08 Kalmar län;Hållbarhet;Män;Social;58,0631211529781837
08 Kalmar län;Hållbarhet;Totalt;Ekonomi;12,5031361610662781
08 Kalmar län;Hållbarhet;Totalt;Miljö;50,3257381204803522
08 Kalmar län;Hållbarhet;Totalt;Social;60,3040433600961947
08 Kalmar län;Livskvalitet;Kvinnor;T1;110,0000000000000000
08 Kalmar län;Livskvalitet;Kvinnor;T10;80,0166310271485202
08 Kalmar län;Livskvalitet;Kvinnor;T11;82,2853076829724586
08 Kalmar län;Livskvalitet;Kvinnor;T12;52,4727337957427267
08 Kalmar län;Livskvalitet;Kvinnor;T2;4,8387096774193470
08 Kalmar län;Livskvalitet;Kvinnor;T3;20,5128205128205217
08 Kalmar län;Livskvalitet;Kvinnor;T4;8,4459459459459438
08 Kalmar län;Livskvalitet;Kvinnor;T5;0,0893531988474834
08 Kalmar län;Livskvalitet;Kvinnor;T6;61,5484161402772187
08 Kalmar län;Livskvalitet;Kvinnor;T7;72,3163764459187632
08 Kalmar län;Livskvalitet;Kvinnor;T8;24,2928629370886675
08 Kalmar län;Livskvalitet;Kvinnor;T9;45,9063532938205796
08 Kalmar län;Livskvalitet;Män;T1;63,3333333333333286
08 Kalmar län;Livskvalitet;Män;T10;18,6991009282206591
08 Kalmar län;Livskvalitet;Män;T11;-14,5563571834404026
08 Kalmar län;Livskvalitet;Män;T12;30,1420712748146862
08 Kalmar län;Livskvalitet;Män;T2;108,0645161290322562
08 Kalmar län;Livskvalitet;Män;T3;97,4358974358974450
08 Kalmar län;Livskvalitet;Män;T4;3,7162162162162442
08 Kalmar län;Livskvalitet;Män;T5;62,7675356516556633
08 Kalmar län;Livskvalitet;Män;T6;60,8103159156096993
08 Kalmar län;Livskvalitet;Män;T7;57,9592731953304963
08 Kalmar län;Livskvalitet;Män;T8;123,3468123407498638
08 Kalmar län;Livskvalitet;Män;T9;15,8686944496838720
08 Kalmar län;Livskvalitet;Totalt;T1;67,3652720333859492
08 Kalmar län;Livskvalitet;Totalt;T10;48,1964036455642386
08 Kalmar län;Livskvalitet;Totalt;T11;32,5106165844517889
08 Kalmar län;Livskvalitet;Totalt;T12;40,8597225544128548
08 Kalmar län;Livskvalitet;Totalt;T2;57,5268817204300973
08 Kalmar län;Livskvalitet;Totalt;T3;54,3947047721949559
08 Kalmar län;Livskvalitet;Totalt;T4;32,6913734968139096
08 Kalmar län;Livskvalitet;Totalt;T5;49,1324083301831678
08 Kalmar län;Livskvalitet;Totalt;T6;46,3979265412622581
08 Kalmar län;Livskvalitet;Totalt;T7;65,1594193241784438
08 Kalmar län;Livskvalitet;Totalt;T8;74,0663624865397168
08 Kalmar län;Livskvalitet;Totalt;T9;31,5240676089200704
09 Gotlands län;Hållbarhet;Kvinnor;Ekonomi;14,6671108094292482
09 Gotlands län;Hållbarhet;Kvinnor;Social;42,8995277047158652
09 Gotlands län;Hållbarhet;Män;Ekonomi;78,3894446787881805
09 Gotlands län;Hållbarhet;Män;Social;12,7137917938409881
09 Gotlands län;Hållbarhet;Totalt;Ekonomi;18,3892102745879171
09 Gotlands län;Hållbarhet;Totalt;Miljö;47,7968139023713903
09 Gotlands län;Hållbarhet;Totalt;Social;48,2284112702188352
09 Gotlands län;Livskvalitet;Kvinnor;T1;133,3333333333333144
09 Gotlands län;Livskvalitet;Kvinnor;T10;107,9142281954645455
09 Gotlands län;Livskvalitet;Kvinnor;T11;77,6213011950008394
09 Gotlands län;Livskvalitet;Kvinnor;T12;27,5095072949056068
09 Gotlands län;Livskvalitet;Kvinnor;T2;37,6344086021505362
09 Gotlands län;Livskvalitet;Kvinnor;T3;28,2051282051282115
09 Gotlands län;Livskvalitet;Kvinnor;T4;3,7162162162162442
09 Gotlands län;Livskvalitet;Kvinnor;T5;-1,2912229241869682
09 Gotlands län;Livskvalitet;Kvinnor;T6;62,9044276735107459
09 Gotlands län;Livskvalitet;Kvinnor;T7;92,1237446226896282
09 Gotlands län;Livskvalitet;Kvinnor;T8;62,4765275243510985
09 Gotlands län;Livskvalitet;Kvinnor;T9;60,3842202516490687
09 Gotlands län;Livskvalitet;Män;T1;66,6666666666666572
09 Gotlands län;Livskvalitet;Män;T10;19,3520227347924845
09 Gotlands län;Livskvalitet;Män;T11;31,6047573622820543
09 Gotlands län;Livskvalitet;Män;T12;32,6003946424301034
09 Gotlands län;Livskvalitet;Män;T2;161,8279569892472978
09 Gotlands län;Livskvalitet;Män;T3;94,8717948717948616
09 Gotlands län;Livskvalitet;Män;T4;-3,7162162162161958
09 Gotlands län;Livskvalitet;Män;T5;37,2068985063591242
09 Gotlands län;Livskvalitet;Män;T6;36,2892194403816220
09 Gotlands län;Livskvalitet;Män;T7;76,9611326969314717
09 Gotlands län;Livskvalitet;Män;T8;138,3612278633355004
09 Gotlands län;Livskvalitet;Män;T9;19,0117542431097171
09 Gotlands län;Livskvalitet;Totalt;T1;100,0000000000000000
09 Gotlands län;Livskvalitet;Totalt;T10;62,5430459519218189
09 Gotlands län;Livskvalitet;Totalt;T11;54,9516936606398403
09 Gotlands län;Livskvalitet;Totalt;T12;29,9443314996413079
09 Gotlands län;Livskvalitet;Totalt;T2;100,0000000000000000
09 Gotlands län;Livskvalitet;Totalt;T3;52,4179167996595368
09 Gotlands län;Livskvalitet;Totalt;T4;19,0998902305159000
09 Gotlands län;Livskvalitet;Totalt;T5;43,2584316805628362
09 Gotlands län;Livskvalitet;Totalt;T6;49,0589163866668443
09 Gotlands län;Livskvalitet;Totalt;T7;84,7540332176521929
09 Gotlands län;Livskvalitet;Totalt;T8;100,0000000000000000
09 Gotlands län;Livskvalitet;Totalt;T9;41,1612106652332699
10 Blekinge län;Hållbarhet;Kvinnor;Ekonomi;-7,7993264382962684
10 Blekinge län;Hållbarhet;Kvinnor;Social;49,2121053716718322
10 Blekinge län;Hållbarhet;Män;Ekonomi;57,8666886653818793
10 Blekinge län;Hållbarhet;Män;Social;34,3938959911013100
10 Blekinge län;Hållbarhet;Totalt;Ekonomi;27,8945082499066963
10 Blekinge län;Hållbarhet;Totalt;Miljö;60,2573385426434669
10 Blekinge län;Hållbarhet;Totalt;Social;50,4196769543242951
10 Blekinge län;Livskvalitet;Kvinnor;T1;110,0000000000000000
10 Blekinge län;Livskvalitet;Kvinnor;T10;93,2299332907656151
10 Blekinge län;Livskvalitet;Kvinnor;T11;35,9273067039471670
10 Blekinge län;Livskvalitet;Kvinnor;T12;32,8301243721598084
10 Blekinge län;Livskvalitet;Kvinnor;T2;-58,0645161290322420
10 Blekinge län;Livskvalitet;Kvinnor;T3;82,0512820512820440
10 Blekinge län;Livskvalitet;Kvinnor;T4;22,6351351351351369
10 Blekinge län;Livskvalitet;Kvinnor;T5;30,3917135633443820
10 Blekinge län;Livskvalitet;Kvinnor;T6;63,1717344165914625
10 Blekinge län;Livskvalitet;Kvinnor;T7;60,3885055831605371
10 Blekinge län;Livskvalitet;Kvinnor;T8;13,7453182755316270
10 Blekinge län;Livskvalitet;Kvinnor;T9;71,4749468177346188
10 Blekinge län;Livskvalitet;Män;T1;73,3333333333333286
10 Blekinge län;Livskvalitet;Män;T10;46,8253957568497370
10 Blekinge län;Livskvalitet;Män;T11;19,4207930251395560
10 Blekinge län;Livskvalitet;Män;T12;26,0314518057880946
10 Blekinge län;Livskvalitet;Män;T2;118,2795698924731056
10 Blekinge län;Livskvalitet;Män;T3;87,1794871794871824
10 Blekinge län;Livskvalitet;Män;T4;18,9189189189189406
10 Blekinge län;Livskvalitet;Män;T5;31,7528756740230698
10 Blekinge län;Livskvalitet;Män;T6;49,5825580670759010
10 Blekinge län;Livskvalitet;Män;T7;40,5544069038920156
10 Blekinge län;Livskvalitet;Män;T8;120,8505056160260551
10 Blekinge län;Livskvalitet;Män;T9;15,5678913454360472
10 Blekinge län;Livskvalitet;Totalt;T1;77,0433073848177798
10 Blekinge län;Livskvalitet;Totalt;T10;68,7198855047521846
10 Blekinge län;Livskvalitet;Totalt;T11;27,5452594527450998
10 Blekinge län;Livskvalitet;Totalt;T12;29,9569480985410195
10 Blekinge län;Livskvalitet;Totalt;T2;32,7956989247311839
10 Blekinge län;Livskvalitet;Totalt;T3;70,3745231422918209
10 Blekinge län;Livskvalitet;Totalt;T4;41,1095466841731678
10 Blekinge län;Livskvalitet;Totalt;T5;41,1594141188465699
10 Blekinge län;Livskvalitet;Totalt;T6;40,2475465549711089
10 Blekinge län;Livskvalitet;Totalt;T7;50,3498318810878800
10 Blekinge län;Livskvalitet;Totalt;T8;68,2560180464770383
10 Blekinge län;Livskvalitet;Totalt;T9;44,1370873269886346
12 Skåne län;Hållbarhet;Kvinnor;Ekonomi;-11,9074528940672888
12 Skåne län;Hållbarhet;Kvinnor;Social;60,7014957112454638
12 Skåne län;Hållbarhet;Män;Ekonomi;51,7206728807327849
12 Skåne län;Hållbarhet;Män;Social;50,6243118357028408
12 Skåne län;Hållbarhet;Totalt;Ekonomi;25,3817924295578372
12 Skåne län;Hållbarhet;Totalt;Miljö;64,9973025386137238
12 Skåne län;Hållbarhet;Totalt;Social;51,2275306501686529
12 Skåne län;Livskvalitet;Kvinnor;T1;55,0000000000000000
12 Skåne län;Livskvalitet;Kvinnor;T10;90,9058810422110355
12 Skåne län;Livskvalitet;Kvinnor;T11;62,6628722720942761
12 Skåne län;Livskvalitet;Kvinnor;T12;35,3291078689309401
12 Skåne län;Livskvalitet;Kvinnor;T2;-46,2365591397849514
12 Skåne län;Livskvalitet;Kvinnor;T3;102,5641025641025834
12 Skåne län;Livskvalitet;Kvinnor;T4;59,1216216216215997
12 Skåne län;Livskvalitet;Kvinnor;T5;13,5418760283991055
12 Skåne län;Livskvalitet;Kvinnor;T6;34,6737868997092491
12 Skåne län;Livskvalitet;Kvinnor;T7;27,9278574911812854
12 Skåne län;Livskvalitet;Kvinnor;T8;39,3614260640004261
12 Skåne län;Livskvalitet;Kvinnor;T9;76,5400887835167225
12 Skåne län;Livskvalitet;Män;T1;0,0000000000000000
12 Skåne län;Livskvalitet;Män;T10;33,0101317658003950
12 Skåne län;Livskvalitet;Män;T11;-10,7537151087728073
12 Skåne län;Livskvalitet;Män;T12;72,1947500597943304
12 Skåne län;Livskvalitet;Män;T2;96,7741935483870890
12 Skåne län;Livskvalitet;Män;T3;79,4871794871794890
12 Skåne län;Livskvalitet;Män;T4;55,0675675675675436
12 Skåne län;Livskvalitet;Män;T5;64,6758608546389553
12 Skåne län;Livskvalitet;Män;T6;31,8201827206162307
12 Skåne län;Livskvalitet;Män;T7;10,6267841666426541
12 Skåne län;Livskvalitet;Män;T8;126,0805512021789809
12 Skåne län;Livskvalitet;Män;T9;24,2506213745616002
12 Skåne län;Livskvalitet;Totalt;T1;28,7345149134034976
12 Skåne län;Livskvalitet;Totalt;T10;61,7208686909553634
12 Skåne län;Livskvalitet;Totalt;T11;26,2902595063343085
12 Skåne län;Livskvalitet;Totalt;T12;53,6774695049032431
12 Skåne län;Livskvalitet;Totalt;T2;25,2688172043010688
12 Skåne län;Livskvalitet;Totalt;T3;66,4566900545783454
12 Skåne län;Livskvalitet;Totalt;T4;77,7260636285792117
12 Skåne län;Livskvalitet;Totalt;T5;37,9118455707024395
12 Skåne län;Livskvalitet;Totalt;T6;27,9189960358505047
12 Skåne län;Livskvalitet;Totalt;T7;19,3959623158930938
12 Skåne län;Livskvalitet;Totalt;T8;82,3027239309934799
12 Skåne län;Livskvalitet;Totalt;T9;51,6661666525534145
13 Hallands län;Hållbarhet;Kvinnor;Ekonomi;22,6614154714327185
13 Hallands län;Hållbarhet;Kvinnor;Social;65,9414042547388419
13 Hallands län;Hållbarhet;Män;Ekonomi;98,5469329115684047
13 Hallands län;Hållbarhet;Män;Social;41,2562269312238925
13 Hallands län;Hållbarhet;Totalt;Ekonomi;23,4113787201400321
13 Hallands län;Hållbarhet;Totalt;Miljö;59,2619712554422975
13 Hallands län;Hållbarhet;Totalt;Social;60,8770783743241566
13 Hallands län;Livskvalitet;Kvinnor;T1;118,3333333333333428
13 Hallands län;Livskvalitet;Kvinnor;T10;118,2457278859678951
13 Hallands län;Livskvalitet;Kvinnor;T11;73,2443378038685751
13 Hallands län;Livskvalitet;Kvinnor;T12;73,1209638842382361
13 Hallands län;Livskvalitet;Kvinnor;T2;-30,1075268817204353
13 Hallands län;Livskvalitet;Kvinnor;T3;5,1282051282051331
13 Hallands län;Livskvalitet;Kvinnor;T4;46,6216216216215997
13 Hallands län;Livskvalitet;Kvinnor;T5;48,7969209387869540
13 Hallands län;Livskvalitet;Kvinnor;T6;79,1923055001751663
13 Hallands län;Livskvalitet;Kvinnor;T7;85,1674305606258173
13 Hallands län;Livskvalitet;Kvinnor;T8;5,4335588461860800
13 Hallands län;Livskvalitet;Kvinnor;T9;85,5023910500988080
13 Hallands län;Livskvalitet;Män;T1;81,6666666666666714
13 Hallands län;Livskvalitet;Män;T10;55,2960615667767144
13 Hallands län;Livskvalitet;Män;T11;28,4734933173606635
13 Hallands län;Livskvalitet;Män;T12;90,8790361157618491
13 Hallands län;Livskvalitet;Män;T2;139,7849462365591364
13 Hallands län;Livskvalitet;Män;T3;20,5128205128205217
13 Hallands län;Livskvalitet;Män;T4;42,5675675675675791
13 Hallands län;Livskvalitet;Män;T5;93,6714946641930908
13 Hallands län;Livskvalitet;Män;T6;72,0115385506470318
13 Hallands län;Livskvalitet;Män;T7;71,6544657529686333
13 Hallands län;Livskvalitet;Män;T8;115,8376634389245652
13 Hallands län;Livskvalitet;Män;T9;35,4026032036837890
13 Hallands län;Livskvalitet;Totalt;T1;70,4719453365147785
13 Hallands län;Livskvalitet;Totalt;T10;86,1274816531934277
13 Hallands län;Livskvalitet;Totalt;T11;50,5818177040463937
13 Hallands län;Livskvalitet;Totalt;T12;82,0000000000000284
13 Hallands län;Livskvalitet;Totalt;T2;55,9139784946236418
13 Hallands län;Livskvalitet;Totalt;T3;27,4906099324288604
13 Hallands län;Livskvalitet;Totalt;T4;51,3828445288191205
13 Hallands län;Livskvalitet;Totalt;T5;82,7003438288560631
13 Hallands län;Livskvalitet;Totalt;T6;69,8471655785037626
13 Hallands län;Livskvalitet;Totalt;T7;78,5479930110405462
13 Hallands län;Livskvalitet;Totalt;T8;60,3866343279464957
13 Hallands län;Livskvalitet;Totalt;T9;60,9144838833987023
14 Västra Götalands län;Hållbarhet;Kvinnor;Ekonomi;-0,5852289910787192
14 Västra Götalands län;Hållbarhet;Kvinnor;Social;63,1716498629537497
14 Västra Götalands län;Hållbarhet;Män;Ekonomi;71,7252606767514038
14 Västra Götalands län;Hållbarhet;Män;Social;52,2205190919257376
14 Västra Götalands län;Hållbarhet;Totalt;Ekonomi;51,0198770235306469
14 Västra Götalands län;Hållbarhet;Totalt;Miljö;60,4382643286000416
14 Västra Götalands län;Hållbarhet;Totalt;Social;62,1861496787725514
14 Västra Götalands län;Livskvalitet;Kvinnor;T1;73,3333333333333286
14 Västra Götalands län;Livskvalitet;Kvinnor;T10;101,4237014183664058
14 Västra Götalands län;Livskvalitet;Kvinnor;T11;71,1157123924524086
14 Västra Götalands län;Livskvalitet;Kvinnor;T12;45,7733197799569709
14 Västra Götalands län;Livskvalitet;Kvinnor;T2;-30,1075268817204353
14 Västra Götalands län;Livskvalitet;Kvinnor;T3;87,1794871794871824
14 Västra Götalands län;Livskvalitet;Kvinnor;T4;63,5135135135134874
14 Västra Götalands län;Livskvalitet;Kvinnor;T5;25,1578061736033511
14 Västra Götalands län;Livskvalitet;Kvinnor;T6;54,0527843817379434
14 Västra Götalands län;Livskvalitet;Kvinnor;T7;51,6162200162253839
14 Västra Götalands län;Livskvalitet;Kvinnor;T8;-48,7377478274550668
14 Västra Götalands län;Livskvalitet;Kvinnor;T9;71,6814272624032469
14 Västra Götalands län;Livskvalitet;Män;T1;18,3333333333333321
14 Västra Götalands län;Livskvalitet;Män;T10;48,3577155209119738
14 Västra Götalands län;Livskvalitet;Män;T11;7,2546835747615956
14 Västra Götalands län;Livskvalitet;Män;T12;73,6491867974169594
14 Västra Götalands län;Livskvalitet;Män;T2;122,0430107526881471
14 Västra Götalands län;Livskvalitet;Män;T3;66,6666666666666714
14 Västra Götalands län;Livskvalitet;Män;T4;59,7972972972972912
14 Västra Götalands län;Livskvalitet;Män;T5;83,4956769628662130
14 Västra Götalands län;Livskvalitet;Män;T6;64,6618760712405560
14 Västra Götalands län;Livskvalitet;Män;T7;38,2672200442092105
14 Västra Götalands län;Livskvalitet;Män;T8;102,3295729695159224
14 Västra Götalands län;Livskvalitet;Män;T9;42,7038729637233061
14 Västra Götalands län;Livskvalitet;Totalt;T1;41,7145453226563063
14 Västra Götalands län;Livskvalitet;Totalt;T10;73,9928231782865424
14 Västra Götalands län;Livskvalitet;Totalt;T11;38,6003295919873892
14 Västra Götalands län;Livskvalitet;Totalt;T12;60,2112532886869403
14 Västra Götalands län;Livskvalitet;Totalt;T2;46,7741935483870890
14 Västra Götalands län;Livskvalitet;Totalt;T3;60,5078758209520942
14 Västra Götalands län;Livskvalitet;Totalt;T4;68,0549644584800149
14 Västra Götalands län;Livskvalitet;Totalt;T5;58,7886566395716699
14 Västra Götalands län;Livskvalitet;Totalt;T6;51,7893360777574543
14 Västra Götalands län;Livskvalitet;Totalt;T7;44,9490782513586424
14 Västra Götalands län;Livskvalitet;Totalt;T8;27,0909659319620069
14 Västra Götalands län;Livskvalitet;Totalt;T9;58,0919722889677885
17 Värmlands län;Hållbarhet;Kvinnor;Ekonomi;-19,1333795121386174
17 Värmlands län;Hållbarhet;Kvinnor;Social;54,8945935618358973
17 Värmlands län;Hållbarhet;Män;Ekonomi;49,2110123426987869
17 Värmlands län;Hållbarhet;Män;Social;55,2288368237501359
17 Värmlands län;Hållbarhet;Totalt;Ekonomi;10,8490372172983296
17 Värmlands län;Hållbarhet;Totalt;Miljö;54,8632928103043866
17 Värmlands län;Hållbarhet;Totalt;Social;68,8255082794530750
17 Värmlands län;Livskvalitet;Kvinnor;T1;91,6666666666666714
17 Värmlands län;Livskvalitet;Kvinnor;T10;93,4514615343965289
17 Värmlands län;Livskvalitet;Kvinnor;T11;65,0275577187088913
17 Värmlands län;Livskvalitet;Kvinnor;T12;7,0412580722315523
17 Värmlands län;Livskvalitet;Kvinnor;T2;2,6881720430107525
17 Värmlands län;Livskvalitet;Kvinnor;T3;51,2820512820512988
17 Värmlands län;Livskvalitet;Kvinnor;T4;18,5810810810810736
17 Värmlands län;Livskvalitet;Kvinnor;T5;-13,8138267961405941
17 Värmlands län;Livskvalitet;Kvinnor;T6;52,7219200009829052
17 Värmlands län;Livskvalitet;Kvinnor;T7;67,0574512926565376
17 Värmlands län;Livskvalitet;Kvinnor;T8;-81,0558987174169232
17 Värmlands län;Livskvalitet;Kvinnor;T9;54,6397288159372181
17 Värmlands län;Livskvalitet;Män;T1;36,6666666666666643
17 Värmlands län;Livskvalitet;Män;T10;48,9678564420238089
17 Värmlands län;Livskvalitet;Män;T11;26,7452947326731909
17 Värmlands län;Livskvalitet;Män;T12;80,8361635972256352
17 Värmlands län;Livskvalitet;Män;T2;126,8817204301075208
17 Värmlands län;Livskvalitet;Män;T3;84,6153846153846274
17 Värmlands län;Livskvalitet;Män;T4;12,1621621621621880
17 Värmlands län;Livskvalitet;Män;T5;44,8440837559786303
17 Värmlands län;Livskvalitet;Män;T6;45,2516065798130640
17 Värmlands län;Livskvalitet;Män;T7;49,2302076753765974
17 Värmlands län;Livskvalitet;Män;T8;101,6046080632934263
17 Värmlands län;Livskvalitet;Män;T9;5,2667737578812064
17 Värmlands län;Livskvalitet;Totalt;T1;59,5165716175150408
17 Värmlands län;Livskvalitet;Totalt;T10;70,3749773220915955
17 Värmlands län;Livskvalitet;Totalt;T11;45,3258159919895149
17 Värmlands län;Livskvalitet;Totalt;T12;44,0493303037551556
17 Värmlands län;Livskvalitet;Totalt;T2;65,5913978494623535
17 Värmlands län;Livskvalitet;Totalt;T3;56,9760280758416116
17 Värmlands län;Livskvalitet;Totalt;T4;28,9127694973973206
17 Värmlands län;Livskvalitet;Totalt;T5;26,7339617498807698
17 Värmlands län;Livskvalitet;Totalt;T6;39,2920085631829039
17 Värmlands län;Livskvalitet;Totalt;T7;58,2315384311164195
17 Värmlands län;Livskvalitet;Totalt;T8;10,4985053217900131
17 Värmlands län;Livskvalitet;Totalt;T9;30,9196791250320615
18 Örebro län;Hållbarhet;Kvinnor;Ekonomi;-16,3424004982910844
18 Örebro län;Hållbarhet;Kvinnor;Social;50,4448989193310524
18 Örebro län;Hållbarhet;Män;Ekonomi;53,2553100659194882
18 Örebro län;Hållbarhet;Män;Social;33,7701992879013346
18 Örebro län;Hållbarhet;Totalt;Ekonomi;25,7567478558359895
18 Örebro län;Hållbarhet;Totalt;Miljö;54,4103860002183666
18 Örebro län;Hållbarhet;Totalt;Social;45,4632263878603737
18 Örebro län;Livskvalitet;Kvinnor;T1;91,6666666666666714
18 Örebro län;Livskvalitet;Kvinnor;T10;73,3657011740003924
18 Örebro län;Livskvalitet;Kvinnor;T11;90,0783266017674578
18 Örebro län;Livskvalitet;Kvinnor;T12;53,1901458981106003
18 Örebro län;Livskvalitet;Kvinnor;T2;-40,3225806451612883
18 Örebro län;Livskvalitet;Kvinnor;T3;79,4871794871794890
18 Örebro län;Livskvalitet;Kvinnor;T4;33,1081081081080839
18 Örebro län;Livskvalitet;Kvinnor;T5;-16,1755496417995950
18 Örebro län;Livskvalitet;Kvinnor;T6;52,7033329669647017
18 Örebro län;Livskvalitet;Kvinnor;T7;51,1955062361119388
18 Örebro län;Livskvalitet;Kvinnor;T8;-20,6308502399862554
18 Örebro län;Livskvalitet;Kvinnor;T9;49,2558988375291023
18 Örebro län;Livskvalitet;Män;T1;36,6666666666666643
18 Örebro län;Livskvalitet;Män;T10;19,1963319513974078
18 Örebro län;Livskvalitet;Män;T11;-8,2247933151003370
18 Örebro län;Livskvalitet;Män;T12;85,7688950011959719
18 Örebro län;Livskvalitet;Män;T2;106,9892473118279526
18 Örebro län;Livskvalitet;Män;T3;46,1538461538461604
18 Örebro län;Livskvalitet;Män;T4;27,0270270270270174
18 Örebro län;Livskvalitet;Män;T5;84,2972035821994155
18 Örebro län;Livskvalitet;Män;T6;47,0668465382800463
18 Örebro län;Livskvalitet;Män;T7;38,1331899381782904
18 Örebro län;Livskvalitet;Män;T8;115,8270382486417134
18 Örebro län;Livskvalitet;Män;T9;25,1685016827340604
18 Örebro län;Livskvalitet;Totalt;T1;60,8768639181448634
18 Örebro län;Livskvalitet;Totalt;T10;45,4504665674616817
18 Örebro län;Livskvalitet;Totalt;T11;40,1408923213523607
18 Örebro län;Livskvalitet;Totalt;T12;69,3950609901937696
18 Örebro län;Livskvalitet;Totalt;T2;33,8709677419354875
18 Örebro län;Livskvalitet;Totalt;T3;49,8452949486160009
18 Örebro län;Livskvalitet;Totalt;T4;50,4312610953055440
18 Örebro län;Livskvalitet;Totalt;T5;41,6318790479179768
18 Örebro län;Livskvalitet;Totalt;T6;37,6005698739966263
18 Örebro län;Livskvalitet;Totalt;T7;44,7582879581343462
18 Örebro län;Livskvalitet;Totalt;T8;47,3664852892197317
18 Örebro län;Livskvalitet;Totalt;T9;38,0897486127046605
19 Västmanlands län;Hållbarhet;Kvinnor;Ekonomi;-2,8572133401175015
19 Västmanlands län;Hållbarhet;Kvinnor;Social;56,3597249806934855
19 Västmanlands län;Hållbarhet;Män;Ekonomi;67,7152194191511256
19 Västmanlands län;Hållbarhet;Män;Social;21,6496648519598871
19 Västmanlands län;Hållbarhet;Totalt;Ekonomi;20,8476858868422674
19 Västmanlands län;Hållbarhet;Totalt;Miljö;61,6969282355439432
19 Västmanlands län;Hållbarhet;Totalt;Social;45,3677024776193676
19 Västmanlands län;Livskvalitet;Kvinnor;T1;45,0000000000000000
19 Västmanlands län;Livskvalitet;Kvinnor;T10;57,3821430362580571
19 Västmanlands län;Livskvalitet;Kvinnor;T11;46,9161812626104364
19 Västmanlands län;Livskvalitet;Kvinnor;T12;18,9039703420234488
19 Västmanlands län;Livskvalitet;Kvinnor;T2;-83,3333333333333286
19 Västmanlands län;Livskvalitet;Kvinnor;T3;97,4358974358974450
19 Västmanlands län;Livskvalitet;Kvinnor;T4;26,3513513513513331
19 Västmanlands län;Livskvalitet;Kvinnor;T5;-15,6416711595460995
19 Västmanlands län;Livskvalitet;Kvinnor;T6;43,9191351430705339
19 Västmanlands län;Livskvalitet;Kvinnor;T7;48,6132319310735994
19 Västmanlands län;Livskvalitet;Kvinnor;T8;-30,3093769347551998
19 Västmanlands län;Livskvalitet;Kvinnor;T9;73,0358728864915605
19 Västmanlands län;Livskvalitet;Män;T1;-10,0000000000000000
19 Västmanlands län;Livskvalitet;Män;T10;-14,4622449429526707
19 Västmanlands län;Livskvalitet;Män;T11;7,3718606759911323
19 Västmanlands län;Livskvalitet;Män;T12;78,0975843099737688
19 Västmanlands län;Livskvalitet;Män;T2;80,6451612903225765
19 Västmanlands län;Livskvalitet;Män;T3;100,0000000000000000
19 Västmanlands län;Livskvalitet;Män;T4;21,9594594594594561
19 Västmanlands län;Livskvalitet;Män;T5;47,1463213329690092
19 Västmanlands län;Livskvalitet;Män;T6;51,6750278174862601
19 Västmanlands län;Livskvalitet;Män;T7;33,7751683868963681
19 Västmanlands län;Livskvalitet;Män;T8;113,8162209876114446
19 Västmanlands län;Livskvalitet;Män;T9;33,8462248621998896
19 Västmanlands län;Livskvalitet;Totalt;T1;43,0012312786732736
19 Västmanlands län;Livskvalitet;Totalt;T10;20,4175899113853347
19 Västmanlands län;Livskvalitet;Totalt;T11;26,9786470587820233
19 Västmanlands län;Livskvalitet;Totalt;T12;48,5007773259986763
19 Västmanlands län;Livskvalitet;Totalt;T2;0,0000000000000000
19 Västmanlands län;Livskvalitet;Totalt;T3;66,0721115640576642
19 Västmanlands län;Livskvalitet;Totalt;T4;59,4395826314129607
19 Västmanlands län;Livskvalitet;Totalt;T5;20,0371161269356186
19 Västmanlands län;Livskvalitet;Totalt;T6;35,4612864199187925
19 Västmanlands län;Livskvalitet;Totalt;T7;41,2216883901818960
19 Västmanlands län;Livskvalitet;Totalt;T8;41,9549941459288078
19 Västmanlands län;Livskvalitet;Totalt;T9;54,6053270030144020
20 Dalarnas län;Hållbarhet;Kvinnor;Ekonomi;2,4328948527822565
20 Dalarnas län;Hållbarhet;Kvinnor;Social;68,2341426464416685
20 Dalarnas län;Hållbarhet;Män;Ekonomi;67,2573530116037830
20 Dalarnas län;Hållbarhet;Män;Social;48,9530160218724788
20 Dalarnas län;Hållbarhet;Totalt;Ekonomi;16,5005498938001622
20 Dalarnas län;Hållbarhet;Totalt;Miljö;57,5332432263147666
20 Dalarnas län;Hållbarhet;Totalt;Social;53,8358147904073761
20 Dalarnas län;Livskvalitet;Kvinnor;T1;100,0000000000000000
20 Dalarnas län;Livskvalitet;Kvinnor;T10;62,5345974843762065
20 Dalarnas län;Livskvalitet;Kvinnor;T11;70,9967818658678596
20 Dalarnas län;Livskvalitet;Kvinnor;T12;48,5964482181297370
20 Dalarnas län;Livskvalitet;Kvinnor;T2;-1,6129032258064364
20 Dalarnas län;Livskvalitet;Kvinnor;T3;30,7692307692307772
20 Dalarnas län;Livskvalitet;Kvinnor;T4;51,0135135135135300
20 Dalarnas län;Livskvalitet;Kvinnor;T5;-14,5295260822476600
20 Dalarnas län;Livskvalitet;Kvinnor;T6;58,2320961425092705
20 Dalarnas län;Livskvalitet;Kvinnor;T7;51,7335221848375895
20 Dalarnas län;Livskvalitet;Kvinnor;T8;-45,8011086977398776
20 Dalarnas län;Livskvalitet;Kvinnor;T9;56,7283490276211495
20 Dalarnas län;Livskvalitet;Män;T1;63,3333333333333286
20 Dalarnas län;Livskvalitet;Män;T10;7,1883836600578785
20 Dalarnas län;Livskvalitet;Män;T11;7,3427312021544919
20 Dalarnas län;Livskvalitet;Män;T12;64,2171131308300573
20 Dalarnas län;Livskvalitet;Män;T2;132,2580645161290249
20 Dalarnas län;Livskvalitet;Män;T3;43,5897435897435841
20 Dalarnas län;Livskvalitet;Män;T4;46,6216216216215997
20 Dalarnas län;Livskvalitet;Män;T5;46,3899492703699892
20 Dalarnas län;Livskvalitet;Män;T6;59,2633248362244487
20 Dalarnas län;Livskvalitet;Män;T7;37,2447709705753880
20 Dalarnas län;Livskvalitet;Män;T8;109,8838789300433234
20 Dalarnas län;Livskvalitet;Män;T9;6,8951204423168990
20 Dalarnas län;Livskvalitet;Totalt;T1;73,1475403914691924
20 Dalarnas län;Livskvalitet;Totalt;T10;33,6576007765858307
20 Dalarnas län;Livskvalitet;Totalt;T11;37,9228288785414520
20 Dalarnas län;Livskvalitet;Totalt;T12;56,5174001435064426
20 Dalarnas län;Livskvalitet;Totalt;T2;67,2043010752688161
20 Dalarnas län;Livskvalitet;Totalt;T3;51,1338690706544980
20 Dalarnas län;Livskvalitet;Totalt;T4;41,2379987717168888
20 Dalarnas län;Livskvalitet;Totalt;T5;30,4107389895398725
20 Dalarnas län;Livskvalitet;Totalt;T6;50,1247231721321072
20 Dalarnas län;Livskvalitet;Totalt;T7;44,5574104465861751
20 Dalarnas län;Livskvalitet;Totalt;T8;32,8336769492626601
20 Dalarnas län;Livskvalitet;Totalt;T9;32,6695756911027573
21 Gävleborgs län;Hållbarhet;Kvinnor;Ekonomi;-11,5875506255587286
21 Gävleborgs län;Hållbarhet;Kvinnor;Social;42,9499871459567188
21 Gävleborgs län;Hållbarhet;Män;Ekonomi;50,1879014685577829
21 Gävleborgs län;Hållbarhet;Män;Social;46,7866580646859944
21 Gävleborgs län;Hållbarhet;Totalt;Ekonomi;10,1622178799177725
21 Gävleborgs län;Hållbarhet;Totalt;Miljö;56,2750559442816538
21 Gävleborgs län;Hållbarhet;Totalt;Social;50,6241762489655684
21 Gävleborgs län;Livskvalitet;Kvinnor;T1;63,3333333333333286
21 Gävleborgs län;Livskvalitet;Kvinnor;T10;60,2939864750468928
21 Gävleborgs län;Livskvalitet;Kvinnor;T11;72,7351572836904836
21 Gävleborgs län;Livskvalitet;Kvinnor;T12;19,3989476201865827
21 Gävleborgs län;Livskvalitet;Kvinnor;T2;-33,8709677419354662
21 Gävleborgs län;Livskvalitet;Kvinnor;T3;56,4102564102564088
21 Gävleborgs län;Livskvalitet;Kvinnor;T4;52,0270270270270316
21 Gävleborgs län;Livskvalitet;Kvinnor;T5;17,6289876082718919
21 Gävleborgs län;Livskvalitet;Kvinnor;T6;49,0970475392715784
21 Gävleborgs län;Livskvalitet;Kvinnor;T7;50,8901762707183991
21 Gävleborgs län;Livskvalitet;Kvinnor;T8;-32,9824296132226280
21 Gävleborgs län;Livskvalitet;Kvinnor;T9;62,0864139105846107
21 Gävleborgs län;Livskvalitet;Män;T1;18,3333333333333321
21 Gävleborgs län;Livskvalitet;Män;T10;7,5425797715413010
21 Gävleborgs län;Livskvalitet;Män;T11;-1,8566127513271269
21 Gävleborgs län;Livskvalitet;Män;T12;45,8918320975842917
21 Gävleborgs län;Livskvalitet;Män;T2;120,9677419354838577
21 Gävleborgs län;Livskvalitet;Män;T3;43,5897435897435841
21 Gävleborgs län;Livskvalitet;Män;T4;44,5945945945945894
21 Gävleborgs län;Livskvalitet;Män;T5;59,9402834415206556
21 Gävleborgs län;Livskvalitet;Män;T6;64,2203509878677039
21 Gävleborgs län;Livskvalitet;Män;T7;35,2805624274345746
21 Gävleborgs län;Livskvalitet;Män;T8;111,3391213376297060
21 Gävleborgs län;Livskvalitet;Män;T9;30,1961790286381415
21 Gävleborgs län;Livskvalitet;Totalt;T1;42,0368892529844800
21 Gävleborgs län;Livskvalitet;Totalt;T10;33,0100476177172695
21 Gävleborgs län;Livskvalitet;Totalt;T11;34,9047088177522937
21 Gävleborgs län;Livskvalitet;Totalt;T12;33,0609303994260415
21 Gävleborgs län;Livskvalitet;Totalt;T2;44,6236559139784958
21 Gävleborgs län;Livskvalitet;Totalt;T3;47,7313557027400748
21 Gävleborgs län;Livskvalitet;Totalt;T4;52,7805302916554382
21 Gävleborgs län;Livskvalitet;Totalt;T5;49,6610829385000443
21 Gävleborgs län;Livskvalitet;Totalt;T6;43,4741315905762633
21 Gävleborgs län;Livskvalitet;Totalt;T7;43,2362477388346704
21 Gävleborgs län;Livskvalitet;Totalt;T8;39,4664519833348066
21 Gävleborgs län;Livskvalitet;Totalt;T9;47,2091150595207978
22 Västernorrlands län;Hållbarhet;Kvinnor;Ekonomi;6,6070116850494065
22 Västernorrlands län;Hållbarhet;Kvinnor;Social;53,7839106966487819
22 Västernorrlands län;Hållbarhet;Män;Ekonomi;74,8698511521247099
22 Västernorrlands län;Hållbarhet;Män;Social;26,7353275551608007
22 Västernorrlands län;Hållbarhet;Totalt;Ekonomi;31,0777770127590891
22 Västernorrlands län;Hållbarhet;Totalt;Miljö;47,8585740813885039
22 Västernorrlands län;Hållbarhet;Totalt;Social;49,2882279095270803
22 Västernorrlands län;Livskvalitet;Kvinnor;T1;110,0000000000000000
22 Västernorrlands län;Livskvalitet;Kvinnor;T10;78,4513925329683843
22 Västernorrlands län;Livskvalitet;Kvinnor;T11;95,6654902923817474
22 Västernorrlands län;Livskvalitet;Kvinnor;T12;57,2317627361875907
22 Västernorrlands län;Livskvalitet;Kvinnor;T2;5,3763440860215050
22 Västernorrlands län;Livskvalitet;Kvinnor;T3;66,6666666666666714
22 Västernorrlands län;Livskvalitet;Kvinnor;T4;42,2297297297297192
22 Västernorrlands län;Livskvalitet;Kvinnor;T5;27,2778138585378791
22 Västernorrlands län;Livskvalitet;Kvinnor;T6;73,4095735106281921
22 Västernorrlands län;Livskvalitet;Kvinnor;T7;85,1615613550831938
22 Västernorrlands län;Livskvalitet;Kvinnor;T8;-57,6014041597619908
22 Västernorrlands län;Livskvalitet;Kvinnor;T9;59,4296342158459012
22 Västernorrlands län;Livskvalitet;Män;T1;45,0000000000000000
22 Västernorrlands län;Livskvalitet;Män;T10;17,0589033215940873
22 Västernorrlands län;Livskvalitet;Män;T11;-23,7284863727096536
22 Västernorrlands län;Livskvalitet;Män;T12;27,2059315953122294
22 Västernorrlands län;Livskvalitet;Män;T2;132,2580645161290249
22 Västernorrlands län;Livskvalitet;Män;T3;87,1794871794871824
22 Västernorrlands län;Livskvalitet;Män;T4;35,1351351351351440
22 Västernorrlands län;Livskvalitet;Män;T5;74,1717149439643322
22 Västernorrlands län;Livskvalitet;Män;T6;67,9275567356284711
22 Västernorrlands län;Livskvalitet;Män;T7;66,3057690710329979
22 Västernorrlands län;Livskvalitet;Män;T8;102,7976943337086198
22 Västernorrlands län;Livskvalitet;Män;T9;3,9741447521371400
22 Västernorrlands län;Livskvalitet;Totalt;T1;65,6772645165828379
22 Västernorrlands län;Livskvalitet;Totalt;T10;46,3611676118740164
22 Västernorrlands län;Livskvalitet;Totalt;T11;34,5203266175096033
22 Västernorrlands län;Livskvalitet;Totalt;T12;41,6605477158575042
22 Västernorrlands län;Livskvalitet;Totalt;T2;69,8924731182795682
22 Västernorrlands län;Livskvalitet;Totalt;T3;59,2673020626332772
22 Västernorrlands län;Livskvalitet;Totalt;T4;37,3006426695167690
22 Västernorrlands län;Livskvalitet;Totalt;T5;66,2132327450380274
22 Västernorrlands län;Livskvalitet;Totalt;T6;56,7321287064873232
22 Västernorrlands län;Livskvalitet;Totalt;T7;75,8398251809253168
22 Västernorrlands län;Livskvalitet;Totalt;T8;23,1504506510994084
22 Västernorrlands län;Livskvalitet;Totalt;T9;32,2073942210513309
23 Jämtlands län;Hållbarhet;Kvinnor;Ekonomi;17,7353397854601731
23 Jämtlands län;Hållbarhet;Kvinnor;Social;47,4815116326766002
23 Jämtlands län;Hållbarhet;Män;Ekonomi;77,1182407343875838
23 Jämtlands län;Hållbarhet;Män;Social;52,5529468989144348
23 Jämtlands län;Hållbarhet;Totalt;Ekonomi;21,1273969724539583
23 Jämtlands län;Hållbarhet;Totalt;Miljö;60,8286115199658042
23 Jämtlands län;Hållbarhet;Totalt;Social;59,0724268074523593
23 Jämtlands län;Livskvalitet;Kvinnor;T1;100,0000000000000000
23 Jämtlands län;Livskvalitet;Kvinnor;T10;111,6175348448797564
23 Jämtlands län;Livskvalitet;Kvinnor;T11;75,9845507328218730
23 Jämtlands län;Livskvalitet;Kvinnor;T12;2,0400621860799184
23 Jämtlands län;Livskvalitet;Kvinnor;T2;27,9569892473118209
23 Jämtlands län;Livskvalitet;Kvinnor;T3;33,3333333333333428
23 Jämtlands län;Livskvalitet;Kvinnor;T4;25,6756756756756950
23 Jämtlands län;Livskvalitet;Kvinnor;T5;35,0180107444539459
23 Jämtlands län;Livskvalitet;Kvinnor;T6;76,6502150321051801
23 Jämtlands län;Livskvalitet;Kvinnor;T7;78,0403828762643457
23 Jämtlands län;Livskvalitet;Kvinnor;T8;-93,8443368757445029
23 Jämtlands län;Livskvalitet;Kvinnor;T9;43,7417985415269257
23 Jämtlands län;Livskvalitet;Män;T1;26,6666666666666643
23 Jämtlands län;Livskvalitet;Män;T10;61,1836504986783680
23 Jämtlands län;Livskvalitet;Män;T11;-6,3666839604566787
23 Jämtlands län;Livskvalitet;Män;T12;50,5990193733557021
23 Jämtlands län;Livskvalitet;Män;T2;152,1505376344086073
23 Jämtlands län;Livskvalitet;Män;T3;48,7179487179487154
23 Jämtlands län;Livskvalitet;Män;T4;16,5540540540540668
23 Jämtlands län;Livskvalitet;Män;T5;54,3060317125413761
23 Jämtlands län;Livskvalitet;Män;T6;59,0496808798609294
23 Jämtlands län;Livskvalitet;Män;T7;63,3755369268149309
23 Jämtlands län;Livskvalitet;Män;T8;92,2701740692231169
23 Jämtlands län;Livskvalitet;Män;T9;31,7112751048267967
23 Jämtlands län;Livskvalitet;Totalt;T1;63,4848484833333302
23 Jämtlands län;Livskvalitet;Totalt;T10;85,6268510474585014
23 Jämtlands län;Livskvalitet;Totalt;T11;33,5712477014986774
23 Jämtlands län;Livskvalitet;Totalt;T12;27,2612413298255163
23 Jämtlands län;Livskvalitet;Totalt;T2;91,3978494623655848
23 Jämtlands län;Livskvalitet;Totalt;T3;47,6057857556371076
23 Jämtlands län;Livskvalitet;Totalt;T4;18,1888086113180591
23 Jämtlands län;Livskvalitet;Totalt;T5;64,6201567676836959
23 Jämtlands län;Livskvalitet;Totalt;T6;64,7016384616495372
23 Jämtlands län;Livskvalitet;Totalt;T7;70,7836438328551765
23 Jämtlands län;Livskvalitet;Totalt;T8;0,0000000000000000
23 Jämtlands län;Livskvalitet;Totalt;T9;38,6001297436162218
24 Västerbottens län;Hållbarhet;Kvinnor;Ekonomi;14,3651973843584315
24 Västerbottens län;Hållbarhet;Kvinnor;Social;71,3378986250992568
24 Västerbottens län;Hållbarhet;Män;Ekonomi;88,4767478988240441
24 Västerbottens län;Hållbarhet;Män;Social;63,0168797547797794
24 Västerbottens län;Hållbarhet;Totalt;Ekonomi;44,4107884060752554
24 Västerbottens län;Hållbarhet;Totalt;Miljö;63,1413521750028934
24 Västerbottens län;Hållbarhet;Totalt;Social;73,2706355997664929
24 Västerbottens län;Livskvalitet;Kvinnor;T1;110,0000000000000000
24 Västerbottens län;Livskvalitet;Kvinnor;T10;119,6378906027796489
24 Västerbottens län;Livskvalitet;Kvinnor;T11;126,7274336019900858
24 Västerbottens län;Livskvalitet;Kvinnor;T12;61,3760464003827266
24 Västerbottens län;Livskvalitet;Kvinnor;T2;19,8924731182795824
24 Västerbottens län;Livskvalitet;Kvinnor;T3;43,5897435897435841
24 Västerbottens län;Livskvalitet;Kvinnor;T4;38,1756756756756559
24 Västerbottens län;Livskvalitet;Kvinnor;T5;37,4837706369251933
24 Västerbottens län;Livskvalitet;Kvinnor;T6;71,3293259756679134
24 Västerbottens län;Livskvalitet;Kvinnor;T7;96,9108725739673957
24 Västerbottens län;Livskvalitet;Kvinnor;T8;-31,1428413802122037
24 Västerbottens län;Livskvalitet;Kvinnor;T9;82,8025627100917916
24 Västerbottens län;Livskvalitet;Män;T1;45,0000000000000000
24 Västerbottens län;Livskvalitet;Män;T10;82,6337710492222470
24 Västerbottens län;Livskvalitet;Män;T11;72,1607078814863740
24 Västerbottens län;Livskvalitet;Män;T12;69,8668380770150748
24 Västerbottens län;Livskvalitet;Män;T2;165,0537634408601946
24 Västerbottens län;Livskvalitet;Män;T3;-2,5641025641025665
24 Västerbottens län;Livskvalitet;Män;T4;32,7702702702702666
24 Västerbottens län;Livskvalitet;Män;T5;94,9086412636140011
24 Västerbottens län;Livskvalitet;Män;T6;79,5861140123119810
24 Västerbottens län;Livskvalitet;Män;T7;82,1376837839314362
24 Västerbottens län;Livskvalitet;Män;T8;114,8732230901731413
24 Västerbottens län;Livskvalitet;Män;T9;26,0992991462236432
24 Västerbottens län;Livskvalitet;Totalt;T1;62,9315215375182788
24 Västerbottens län;Livskvalitet;Totalt;T10;100,0000000000000000
24 Västerbottens län;Livskvalitet;Totalt;T11;99,1452991452991483
24 Västerbottens län;Livskvalitet;Totalt;T12;65,8942238698875826
24 Västerbottens län;Livskvalitet;Totalt;T2;94,0860215053763369
24 Västerbottens län;Livskvalitet;Totalt;T3;55,3934943166163194
24 Västerbottens län;Livskvalitet;Totalt;T4;46,3595392376685922
24 Västerbottens län;Livskvalitet;Totalt;T5;83,0965023292507681
24 Västerbottens län;Livskvalitet;Totalt;T6;72,7518496439967493
24 Västerbottens län;Livskvalitet;Totalt;T7;89,4848399378785899
24 Västerbottens län;Livskvalitet;Totalt;T8;43,0136308931494042
24 Västerbottens län;Livskvalitet;Totalt;T9;55,2583267527231996
25 Norrbottens län;Hållbarhet;Kvinnor;Ekonomi;4,9446054104670178
25 Norrbottens län;Hållbarhet;Kvinnor;Social;63,5090286980732515
25 Norrbottens län;Hållbarhet;Män;Ekonomi;70,4007425056188367
25 Norrbottens län;Hållbarhet;Män;Social;31,4668678558556856
25 Norrbottens län;Hållbarhet;Totalt;Ekonomi;36,0459319823154658
25 Norrbottens län;Hållbarhet;Totalt;Miljö;33,7821635330920529
25 Norrbottens län;Hållbarhet;Totalt;Social;51,9095856665277537
25 Norrbottens län;Livskvalitet;Kvinnor;T1;81,6666666666666714
25 Norrbottens län;Livskvalitet;Kvinnor;T10;93,3078039268880985
25 Norrbottens län;Livskvalitet;Kvinnor;T11;70,9327824709804702
25 Norrbottens län;Livskvalitet;Kvinnor;T12;42,0944750059794472
25 Norrbottens län;Livskvalitet;Kvinnor;T2;15,5913978494623571
25 Norrbottens län;Livskvalitet;Kvinnor;T3;15,3846153846153886
25 Norrbottens län;Livskvalitet;Kvinnor;T4;34,7972972972972769
25 Norrbottens län;Livskvalitet;Kvinnor;T5;44,5331399912233650
25 Norrbottens län;Livskvalitet;Kvinnor;T6;89,2311265209819879
25 Norrbottens län;Livskvalitet;Kvinnor;T7;109,0790939067921101
25 Norrbottens län;Livskvalitet;Kvinnor;T8;10,1450134143027260
25 Norrbottens län;Livskvalitet;Kvinnor;T9;45,9798496726075427
25 Norrbottens län;Livskvalitet;Män;T1;18,3333333333333321
25 Norrbottens län;Livskvalitet;Män;T10;44,4181378837026415
25 Norrbottens län;Livskvalitet;Män;T11;64,0206284718845637
25 Norrbottens län;Livskvalitet;Män;T12;58,3076417125090742
25 Norrbottens län;Livskvalitet;Män;T2;165,5913978494623393
25 Norrbottens län;Livskvalitet;Män;T3;-12,8205128205128229
25 Norrbottens län;Livskvalitet;Män;T4;27,0270270270270174
25 Norrbottens län;Livskvalitet;Män;T5;96,6756428723612942
25 Norrbottens län;Livskvalitet;Män;T6;74,3019310068320777
25 Norrbottens län;Livskvalitet;Män;T7;91,2364330242701840
25 Norrbottens län;Livskvalitet;Män;T8;128,8151073859375515
25 Norrbottens län;Livskvalitet;Män;T9;19,2355501835787273
25 Norrbottens län;Livskvalitet;Totalt;T1;54,8757609461024032
25 Norrbottens län;Livskvalitet;Totalt;T10;66,8952689591521477
25 Norrbottens län;Livskvalitet;Totalt;T11;67,4511069299149995
25 Norrbottens län;Livskvalitet;Totalt;T12;50,0000000000000000
25 Norrbottens län;Livskvalitet;Totalt;T2;93,5483870967741780
25 Norrbottens län;Livskvalitet;Totalt;T3;47,6060664550915149
25 Norrbottens län;Livskvalitet;Totalt;T4;37,3104445104351257
25 Norrbottens län;Livskvalitet;Totalt;T5;90,0424524954829621
25 Norrbottens län;Livskvalitet;Totalt;T6;66,3695611484038750
25 Norrbottens län;Livskvalitet;Totalt;T7;100,0000000000000000
25 Norrbottens län;Livskvalitet;Totalt;T8;71,1009127447114082
25 Norrbottens län;Livskvalitet;Totalt;T9;33,3333333333333357
